dataset,csv_bytes,rows,cols,codec,bytes,ratio_vs_csv,enc_mbs,dec_mbs
xs_yields_400.csv,21991,422,9,7z lzma2 -mx9,3696,5.9499,2.51,7.74
xs_yields_400.csv,21991,422,9,7z ppmd o12,4528,4.8567,6.06,5.93
xs_yields_400.csv,21991,422,9,7z ppmd o16,4611,4.7692,6.06,5.98
xs_yields_400.csv,21991,422,9,7z ppmd o6,4339,5.0682,6.42,6.27
xs_yields_400.csv,21991,422,9,brotli -q11,3739,5.8815,1.09,7.59
xs_yields_400.csv,21991,422,9,bzip2 -9,4200,5.236,6.43,10.81
xs_yields_400.csv,21991,422,9,feather+lz4,17474,1.2585,17.45,113.45
xs_yields_400.csv,21991,422,9,feather+zstd,11258,1.9534,149.74,259.09
xs_yields_400.csv,21991,422,9,gzip -9,5807,3.787,5.12,10.95
xs_yields_400.csv,21991,422,9,lz4 -9,8585,2.5616,7.46,10.63
xs_yields_400.csv,21991,422,9,orc+snappy,13568,1.6208,11.7,62.66
xs_yields_400.csv,21991,422,9,orc+zlib,9897,2.222,30.04,186.34
xs_yields_400.csv,21991,422,9,orc+zstd,9799,2.2442,48.98,152.96
xs_yields_400.csv,21991,422,9,parquet+brotli,10081,2.1814,1.3,58.05
xs_yields_400.csv,21991,422,9,parquet+gzip,11603,1.8953,20.12,67.18
xs_yields_400.csv,21991,422,9,parquet+snappy,14393,1.5279,4.26,0.4
xs_yields_400.csv,21991,422,9,parquet+zstd,10744,2.0468,9.38,64.46
xs_yields_400.csv,21991,422,9,polypress,2076,10.593,1.28,62.66
xs_yields_400.csv,21991,422,9,polypress+brotli,1985,11.0786,,
xs_yields_400.csv,21991,422,9,polypress+zstd,2067,10.6391,,
xs_yields_400.csv,21991,422,9,polypress-turbo,2594,8.4776,1.54,42.12
xs_yields_400.csv,21991,422,9,xz -9e,3716,5.9179,3.0,8.27
xs_yields_400.csv,21991,422,9,zip -9,5921,3.7141,4.75,7.97
xs_yields_400.csv,21991,422,9,zstd -19,3846,5.7179,2.1,7.9
xs_yields_400.csv,21991,422,9,zstd -22,3846,5.7179,0.33,6.28
xs_yields_400.csv,21991,422,9,zstd -3,5958,3.691,5.91,8.78
xs_survey_200.csv,23976,215,21,7z lzma2 -mx9,3160,7.5873,4.21,8.15
xs_survey_200.csv,23976,215,21,7z ppmd o12,2208,10.8587,7.62,7.18
xs_survey_200.csv,23976,215,21,7z ppmd o16,2233,10.7371,7.67,7.2
xs_survey_200.csv,23976,215,21,7z ppmd o6,2207,10.8636,7.86,7.47
xs_survey_200.csv,23976,215,21,brotli -q11,2950,8.1275,1.35,11.04
xs_survey_200.csv,23976,215,21,bzip2 -9,2483,9.6561,7.96,12.37
xs_survey_200.csv,23976,215,21,feather+lz4,24482,0.9793,160.9,151.45
xs_survey_200.csv,23976,215,21,feather+zstd,14762,1.6242,86.92,139.48
xs_survey_200.csv,23976,215,21,gzip -9,3284,7.3009,10.38,13.58
xs_survey_200.csv,23976,215,21,lz4 -9,4531,5.2915,11.12,12.31
xs_survey_200.csv,23976,215,21,orc+snappy,9157,2.6183,30.38,79.62
xs_survey_200.csv,23976,215,21,orc+zlib,6825,3.513,20.35,104.86
xs_survey_200.csv,23976,215,21,orc+zstd,7716,3.1073,30.08,111.0
xs_survey_200.csv,23976,215,21,parquet+brotli,8231,2.9129,2.29,59.19
xs_survey_200.csv,23976,215,21,parquet+gzip,9011,2.6607,31.67,57.5
xs_survey_200.csv,23976,215,21,parquet+snappy,9103,2.6339,25.92,0.94
xs_survey_200.csv,23976,215,21,parquet+zstd,8398,2.855,29.81,70.52
xs_survey_200.csv,23976,215,21,polypress,2162,11.0897,1.56,66.25
xs_survey_200.csv,23976,215,21,polypress+brotli,1888,12.6992,,
xs_survey_200.csv,23976,215,21,polypress+zstd,2178,11.0083,,
xs_survey_200.csv,23976,215,21,polypress-turbo,2188,10.958,1.63,65.17
xs_survey_200.csv,23976,215,21,xz -9e,3144,7.626,4.16,10.21
xs_survey_200.csv,23976,215,21,zip -9,3398,7.0559,9.0,10.38
xs_survey_200.csv,23976,215,21,zstd -19,3150,7.6114,2.05,10.15
xs_survey_200.csv,23976,215,21,zstd -22,3150,7.6114,0.51,7.86
xs_survey_200.csv,23976,215,21,zstd -3,4153,5.7732,9.38,10.5
xs_noaa_gsoy_ord.csv,58794,69,102,7z lzma2 -mx9,7587,7.7493,4.78,19.68
xs_noaa_gsoy_ord.csv,58794,69,102,7z ppmd o12,7352,7.997,13.07,12.61
xs_noaa_gsoy_ord.csv,58794,69,102,7z ppmd o16,7515,7.8236,12.37,11.54
xs_noaa_gsoy_ord.csv,58794,69,102,7z ppmd o6,8186,7.1823,15.14,15.31
xs_noaa_gsoy_ord.csv,58794,69,102,brotli -q11,7308,8.0452,1.22,26.26
xs_noaa_gsoy_ord.csv,58794,69,102,bzip2 -9,7602,7.734,14.48,25.02
xs_noaa_gsoy_ord.csv,58794,69,102,feather+lz4,49578,1.1859,161.49,174.4
xs_noaa_gsoy_ord.csv,58794,69,102,feather+zstd,38330,1.5339,84.11,161.18
xs_noaa_gsoy_ord.csv,58794,69,102,gzip -9,9945,5.9119,5.6,32.86
xs_noaa_gsoy_ord.csv,58794,69,102,lz4 -9,13309,4.4176,17.55,29.39
xs_noaa_gsoy_ord.csv,58794,69,102,orc+snappy,23190,2.5353,19.63,96.71
xs_noaa_gsoy_ord.csv,58794,69,102,orc+zlib,17771,3.3084,12.94,110.29
xs_noaa_gsoy_ord.csv,58794,69,102,orc+zstd,20104,2.9245,18.62,84.98
xs_noaa_gsoy_ord.csv,58794,69,102,parquet+brotli,38168,1.5404,1.16,39.3
xs_noaa_gsoy_ord.csv,58794,69,102,parquet+gzip,41634,1.4122,25.01,40.65
xs_noaa_gsoy_ord.csv,58794,69,102,parquet+snappy,42486,1.3838,45.83,5.92
xs_noaa_gsoy_ord.csv,58794,69,102,parquet+zstd,38918,1.5107,14.98,45.2
xs_noaa_gsoy_ord.csv,58794,69,102,polypress,6545,8.983,0.48,76.44
xs_noaa_gsoy_ord.csv,58794,69,102,polypress+brotli,6353,9.2545,,
xs_noaa_gsoy_ord.csv,58794,69,102,polypress+zstd,6869,8.5593,,
xs_noaa_gsoy_ord.csv,58794,69,102,polypress-turbo,6621,8.8799,0.61,59.74
xs_noaa_gsoy_ord.csv,58794,69,102,xz -9e,7436,7.9067,4.81,22.06
xs_noaa_gsoy_ord.csv,58794,69,102,zip -9,10065,5.8414,5.45,23.51
xs_noaa_gsoy_ord.csv,58794,69,102,zstd -19,7679,7.6565,2.72,23.32
xs_noaa_gsoy_ord.csv,58794,69,102,zstd -22,7676,7.6595,1.02,19.18
xs_noaa_gsoy_ord.csv,58794,69,102,zstd -3,11226,5.2373,20.8,24.96
xs_quakes_300.csv,59890,315,22,7z lzma2 -mx9,14673,4.0816,6.12,18.28
xs_quakes_300.csv,59890,315,22,7z ppmd o12,13012,4.6027,11.63,11.39
xs_quakes_300.csv,59890,315,22,7z ppmd o16,13612,4.3998,11.41,11.06
xs_quakes_300.csv,59890,315,22,7z ppmd o6,13012,4.6027,12.4,11.9
xs_quakes_300.csv,59890,315,22,brotli -q11,14290,4.191,1.27,24.37
xs_quakes_300.csv,59890,315,22,bzip2 -9,14131,4.2382,14.65,23.91
xs_quakes_300.csv,59890,315,22,feather+lz4,41970,1.427,289.4,399.36
xs_quakes_300.csv,59890,315,22,feather+zstd,30090,1.9904,162.69,307.09
xs_quakes_300.csv,59890,315,22,gzip -9,17645,3.3942,18.23,32.18
xs_quakes_300.csv,59890,315,22,lz4 -9,22613,2.6485,22.17,30.14
xs_quakes_300.csv,59890,315,22,orc+snappy,27095,2.2104,68.92,232.37
xs_quakes_300.csv,59890,315,22,orc+zlib,21333,2.8074,39.4,201.6
xs_quakes_300.csv,59890,315,22,orc+zstd,22520,2.6594,64.31,266.38
xs_quakes_300.csv,59890,315,22,parquet+brotli,26720,2.2414,1.54,96.17
xs_quakes_300.csv,59890,315,22,parquet+gzip,28565,2.0966,36.17,102.2
xs_quakes_300.csv,59890,315,22,parquet+snappy,34040,1.7594,65.81,2.3
xs_quakes_300.csv,59890,315,22,parquet+zstd,27368,2.1883,16.61,133.97
xs_quakes_300.csv,59890,315,22,polypress,12688,4.7202,0.85,59.06
xs_quakes_300.csv,59890,315,22,polypress+brotli,12298,4.8699,,
xs_quakes_300.csv,59890,315,22,polypress+zstd,14075,4.2551,,
xs_quakes_300.csv,59890,315,22,polypress-turbo,12718,4.7091,1.51,59.06
xs_quakes_300.csv,59890,315,22,xz -9e,14660,4.0853,5.57,19.85
xs_quakes_300.csv,59890,315,22,zip -9,17631,3.3969,15.48,23.45
xs_quakes_300.csv,59890,315,22,zstd -19,16026,3.7371,3.51,21.69
xs_quakes_300.csv,59890,315,22,zstd -22,16026,3.7371,1.1,21.11
xs_quakes_300.csv,59890,315,22,zstd -3,18043,3.3193,21.21,24.44
xs_nndss_500.csv,69899,479,16,7z lzma2 -mx9,4521,15.461,8.04,23.43
xs_nndss_500.csv,69899,479,16,7z ppmd o12,3428,20.3906,19.55,20.1
xs_nndss_500.csv,69899,479,16,7z ppmd o16,3483,20.0686,18.74,18.49
xs_nndss_500.csv,69899,479,16,7z ppmd o6,4089,17.0944,19.53,18.99
xs_nndss_500.csv,69899,479,16,brotli -q11,3809,18.351,1.06,28.08
xs_nndss_500.csv,69899,479,16,bzip2 -9,4593,15.2186,14.04,31.46
xs_nndss_500.csv,69899,479,16,feather+lz4,23706,2.9486,541.92,546.97
xs_nndss_500.csv,69899,479,16,feather+zstd,13946,5.0121,339.33,559.5
xs_nndss_500.csv,69899,479,16,gzip -9,5692,12.2802,25.96,40.71
xs_nndss_500.csv,69899,479,16,lz4 -9,8099,8.6306,27.44,36.39
xs_nndss_500.csv,69899,479,16,orc+snappy,6782,10.3065,107.19,270.71
xs_nndss_500.csv,69899,479,16,orc+zlib,4121,16.9617,86.08,459.53
xs_nndss_500.csv,69899,479,16,orc+zstd,3926,17.8041,119.27,491.91
xs_nndss_500.csv,69899,479,16,parquet+brotli,7478,9.3473,6.84,170.06
xs_nndss_500.csv,69899,479,16,parquet+gzip,8510,8.2137,101.03,174.82
xs_nndss_500.csv,69899,479,16,parquet+snappy,10266,6.8088,148.75,7.68
xs_nndss_500.csv,69899,479,16,parquet+zstd,7862,8.8907,40.87,183.01
xs_nndss_500.csv,69899,479,16,polypress,1928,36.2547,3.42,178.66
xs_nndss_500.csv,69899,479,16,polypress+brotli,1682,41.5571,,
xs_nndss_500.csv,69899,479,16,polypress+zstd,2014,34.7066,,
xs_nndss_500.csv,69899,479,16,polypress-turbo,1918,36.4437,5.01,114.21
xs_nndss_500.csv,69899,479,16,xz -9e,4228,16.5324,5.86,28.34
xs_nndss_500.csv,69899,479,16,zip -9,5804,12.0432,20.86,28.7
xs_nndss_500.csv,69899,479,16,zstd -19,4943,14.141,2.64,28.36
xs_nndss_500.csv,69899,479,16,zstd -22,4943,14.141,1.11,24.24
xs_nndss_500.csv,69899,479,16,zstd -3,5126,13.6362,24.83,29.58
xs_wide_row.csv,78360,1,5000,7z lzma2 -mx9,25389,3.0864,9.07,22.97
xs_wide_row.csv,78360,1,5000,7z ppmd o12,32058,2.4443,11.79,11.28
xs_wide_row.csv,78360,1,5000,7z ppmd o16,32058,2.4443,11.8,10.8
xs_wide_row.csv,78360,1,5000,7z ppmd o6,32060,2.4442,12.3,11.37
xs_wide_row.csv,78360,1,5000,brotli -q11,29531,2.6535,1.42,29.39
xs_wide_row.csv,78360,1,5000,bzip2 -9,30569,2.5634,15.98,25.73
xs_wide_row.csv,78360,1,5000,feather+lz4,919530,0.0852,9.94,13.2
xs_wide_row.csv,78360,1,5000,feather+zstd,919538,0.0852,10.33,13.88
xs_wide_row.csv,78360,1,5000,gzip -9,36649,2.1381,20.04,41.52
xs_wide_row.csv,78360,1,5000,lz4 -9,53449,1.4661,22.62,36.07
xs_wide_row.csv,78360,1,5000,parquet+brotli,1448967,0.0541,0.09,1.76
xs_wide_row.csv,78360,1,5000,parquet+gzip,1599334,0.049,1.31,1.5
xs_wide_row.csv,78360,1,5000,parquet+snappy,1428959,0.0548,2.03,1.07
xs_wide_row.csv,78360,1,5000,parquet+zstd,1498981,0.0523,1.87,1.78
xs_wide_row.csv,78360,1,5000,polypress,21480,3.648,0.68,1.6
xs_wide_row.csv,78360,1,5000,polypress+brotli,24663,3.1772,,
xs_wide_row.csv,78360,1,5000,polypress+zstd,27096,2.8919,,
xs_wide_row.csv,78360,1,5000,polypress-turbo,23726,3.3027,0.71,1.5
xs_wide_row.csv,78360,1,5000,xz -9e,25192,3.1105,8.55,24.94
xs_wide_row.csv,78360,1,5000,zip -9,37096,2.1124,17.97,29.77
xs_wide_row.csv,78360,1,5000,zstd -19,25672,3.0524,5.01,29.83
xs_wide_row.csv,78360,1,5000,zstd -22,25672,3.0524,1.43,24.8
xs_wide_row.csv,78360,1,5000,zstd -3,30081,2.605,26.02,31.24
s_mixed_types.csv,398533,40000,2,7z lzma2 -mx9,98212,4.0579,9.41,61.37
s_mixed_types.csv,398533,40000,2,7z ppmd o12,154325,2.5824,15.74,14.4
s_mixed_types.csv,398533,40000,2,7z ppmd o16,154325,2.5824,15.86,14.35
s_mixed_types.csv,398533,40000,2,7z ppmd o6,154455,2.5803,16.28,14.82
s_mixed_types.csv,398533,40000,2,brotli -q11,133852,2.9774,0.68,81.5
s_mixed_types.csv,398533,40000,2,bzip2 -9,155388,2.5648,23.92,49.87
s_mixed_types.csv,398533,40000,2,feather+lz4,287122,1.388,574.22,1525.15
s_mixed_types.csv,398533,40000,2,feather+zstd,106786,3.7321,469.94,722.06
s_mixed_types.csv,398533,40000,2,gzip -9,165391,2.4096,16.94,170.15
s_mixed_types.csv,398533,40000,2,lz4 -9,245471,1.6235,35.74,125.67
s_mixed_types.csv,398533,40000,2,orc+snappy,81089,4.9148,339.4,1113.64
s_mixed_types.csv,398533,40000,2,orc+zlib,61875,6.4409,167.46,849.81
s_mixed_types.csv,398533,40000,2,orc+zstd,60382,6.6002,329.44,1801.26
s_mixed_types.csv,398533,40000,2,parquet+brotli,147061,2.71,0.27,164.14
s_mixed_types.csv,398533,40000,2,parquet+gzip,189704,2.1008,22.81,537.83
s_mixed_types.csv,398533,40000,2,parquet+snappy,295515,1.3486,203.95,15.38
s_mixed_types.csv,398533,40000,2,parquet+zstd,162803,2.4479,3.73,496.9
s_mixed_types.csv,398533,40000,2,polypress,60220,6.618,1.74,35.61
s_mixed_types.csv,398533,40000,2,polypress+brotli,60181,6.6222,,
s_mixed_types.csv,398533,40000,2,polypress+zstd,66626,5.9816,,
s_mixed_types.csv,398533,40000,2,polypress-turbo,60253,6.6143,4.41,62.06
s_mixed_types.csv,398533,40000,2,xz -9e,96620,4.1247,8.5,50.44
s_mixed_types.csv,398533,40000,2,zip -9,165579,2.4069,16.66,95.85
s_mixed_types.csv,398533,40000,2,zstd -19,115391,3.4538,8.59,104.76
s_mixed_types.csv,398533,40000,2,zstd -22,115391,3.4538,4.59,106.13
s_mixed_types.csv,398533,40000,2,zstd -3,163717,2.4343,70.89,114.66
s_anticorrelated.csv,436637,40000,2,7z lzma2 -mx9,49944,8.7425,5.95,84.88
s_anticorrelated.csv,436637,40000,2,7z ppmd o12,76155,5.7335,23.79,21.65
s_anticorrelated.csv,436637,40000,2,7z ppmd o16,75797,5.7606,23.17,22.0
s_anticorrelated.csv,436637,40000,2,7z ppmd o6,58793,7.4267,45.73,40.87
s_anticorrelated.csv,436637,40000,2,brotli -q11,57218,7.6311,1.29,116.37
s_anticorrelated.csv,436637,40000,2,bzip2 -9,82664,5.2821,30.47,74.53
s_anticorrelated.csv,436637,40000,2,feather+lz4,330106,1.3227,885.58,1760.95
s_anticorrelated.csv,436637,40000,2,feather+zstd,152122,2.8703,759.28,1110.61
s_anticorrelated.csv,436637,40000,2,gzip -9,76012,5.7443,8.57,172.72
s_anticorrelated.csv,436637,40000,2,lz4 -9,131824,3.3123,22.02,157.3
s_anticorrelated.csv,436637,40000,2,orc+snappy,114339,3.8188,267.9,587.55
s_anticorrelated.csv,436637,40000,2,orc+zlib,62486,6.9878,161.0,505.91
s_anticorrelated.csv,436637,40000,2,orc+zstd,63741,6.8502,262.56,674.05
s_anticorrelated.csv,436637,40000,2,parquet+brotli,69716,6.2631,1.37,280.07
s_anticorrelated.csv,436637,40000,2,parquet+gzip,79155,5.5162,51.71,539.6
s_anticorrelated.csv,436637,40000,2,parquet+snappy,125502,3.4791,251.5,16.56
s_anticorrelated.csv,436637,40000,2,parquet+zstd,66768,6.5396,6.25,579.74
s_anticorrelated.csv,436637,40000,2,polypress,11824,36.928,1.39,48.74
s_anticorrelated.csv,436637,40000,2,polypress+brotli,11442,38.1609,,
s_anticorrelated.csv,436637,40000,2,polypress+zstd,11530,37.8696,,
s_anticorrelated.csv,436637,40000,2,polypress-turbo,11850,36.847,26.34,102.52
s_anticorrelated.csv,436637,40000,2,xz -9e,50152,8.7063,1.63,78.1
s_anticorrelated.csv,436637,40000,2,zip -9,76300,5.7226,8.51,109.1
s_anticorrelated.csv,436637,40000,2,zstd -19,59127,7.3847,3.34,119.37
s_anticorrelated.csv,436637,40000,2,zstd -22,59117,7.386,1.17,114.1
s_anticorrelated.csv,436637,40000,2,zstd -3,88991,4.9065,83.32,141.57
s_treasury_yields.csv,468315,9006,9,7z lzma2 -mx9,64657,7.2431,5.14,78.35
s_treasury_yields.csv,468315,9006,9,7z ppmd o12,84507,5.5417,21.77,19.28
s_treasury_yields.csv,468315,9006,9,7z ppmd o16,83671,5.5971,20.4,19.86
s_treasury_yields.csv,468315,9006,9,7z ppmd o6,82952,5.6456,41.81,37.48
s_treasury_yields.csv,468315,9006,9,brotli -q11,72612,6.4496,1.19,115.86
s_treasury_yields.csv,468315,9006,9,bzip2 -9,82726,5.661,24.09,66.85
s_treasury_yields.csv,468315,9006,9,feather+lz4,293250,1.597,574.85,1550.32
s_treasury_yields.csv,468315,9006,9,feather+zstd,153762,3.0457,414.05,703.03
s_treasury_yields.csv,468315,9006,9,gzip -9,113345,4.1318,5.13,208.61
s_treasury_yields.csv,468315,9006,9,lz4 -9,152678,3.0673,16.4,138.72
s_treasury_yields.csv,468315,9006,9,orc+snappy,203810,2.2978,321.48,773.94
s_treasury_yields.csv,468315,9006,9,orc+zlib,149536,3.1318,136.93,445.21
s_treasury_yields.csv,468315,9006,9,orc+zstd,132835,3.5255,233.31,560.26
s_treasury_yields.csv,468315,9006,9,parquet+brotli,115103,4.0687,1.69,296.8
s_treasury_yields.csv,468315,9006,9,parquet+gzip,137818,3.3981,66.32,460.44
s_treasury_yields.csv,468315,9006,9,parquet+snappy,169903,2.7564,262.81,17.78
s_treasury_yields.csv,468315,9006,9,parquet+zstd,124622,3.7579,11.3,721.89
s_treasury_yields.csv,468315,9006,9,polypress,33778,13.8645,0.89,80.3
s_treasury_yields.csv,468315,9006,9,polypress+brotli,32887,14.2401,,
s_treasury_yields.csv,468315,9006,9,polypress+zstd,34409,13.6102,,
s_treasury_yields.csv,468315,9006,9,polypress-turbo,41268,11.3481,5.03,77.99
s_treasury_yields.csv,468315,9006,9,xz -9e,64836,7.2231,5.38,75.45
s_treasury_yields.csv,468315,9006,9,zip -9,113469,4.1273,5.13,110.48
s_treasury_yields.csv,468315,9006,9,zstd -19,75967,6.1647,5.95,125.18
s_treasury_yields.csv,468315,9006,9,zstd -22,75967,6.1647,3.8,120.98
s_treasury_yields.csv,468315,9006,9,zstd -3,124736,3.7544,79.18,126.64
s_weblog.csv,600022,3426,9,7z lzma2 -mx9,61069,9.8253,9.67,117.95
s_weblog.csv,600022,3426,9,7z ppmd o12,41421,14.4859,44.42,40.88
s_weblog.csv,600022,3426,9,7z ppmd o16,41415,14.488,42.34,38.45
s_weblog.csv,600022,3426,9,7z ppmd o6,41745,14.3735,56.78,53.27
s_weblog.csv,600022,3426,9,brotli -q11,59645,10.0599,1.2,163.01
s_weblog.csv,600022,3426,9,bzip2 -9,45821,13.0949,17.05,71.2
s_weblog.csv,600022,3426,9,feather+lz4,185466,3.2352,1332.98,2872.92
s_weblog.csv,600022,3426,9,feather+zstd,107042,5.6055,853.4,1643.81
s_weblog.csv,600022,3426,9,gzip -9,70676,8.4898,65.46,274.51
s_weblog.csv,600022,3426,9,lz4 -9,89683,6.6905,59.18,229.96
s_weblog.csv,600022,3426,9,orc+snappy,110174,5.4461,419.87,1149.17
s_weblog.csv,600022,3426,9,orc+zlib,71684,8.3704,246.64,753.95
s_weblog.csv,600022,3426,9,orc+zstd,71091,8.4402,390.36,1081.05
s_weblog.csv,600022,3426,9,parquet+brotli,62068,9.6672,4.0,472.08
s_weblog.csv,600022,3426,9,parquet+gzip,71090,8.4403,93.13,708.32
s_weblog.csv,600022,3426,9,parquet+snappy,100555,5.9671,450.13,22.47
s_weblog.csv,600022,3426,9,parquet+zstd,65193,9.2038,25.89,863.65
s_weblog.csv,600022,3426,9,polypress,43600,13.762,2.64,168.75
s_weblog.csv,600022,3426,9,polypress+brotli,41402,14.4926,,
s_weblog.csv,600022,3426,9,polypress+zstd,47200,12.7123,,
s_weblog.csv,600022,3426,9,polypress-turbo,43762,13.711,6.88,189.22
s_weblog.csv,600022,3426,9,xz -9e,60648,9.8935,5.73,110.11
s_weblog.csv,600022,3426,9,zip -9,70667,8.4908,61.13,144.8
s_weblog.csv,600022,3426,9,zstd -19,62404,9.6151,4.51,167.51
s_weblog.csv,600022,3426,9,zstd -22,62403,9.6153,3.39,172.32
s_weblog.csv,600022,3426,9,zstd -3,85155,7.0462,102.78,193.43
s_multilingual.csv,755587,7799,8,7z lzma2 -mx9,71530,10.5632,7.63,141.89
s_multilingual.csv,755587,7799,8,7z ppmd o12,46439,16.2705,55.59,51.1
s_multilingual.csv,755587,7799,8,7z ppmd o16,46280,16.3264,50.75,45.63
s_multilingual.csv,755587,7799,8,7z ppmd o6,43508,17.3666,68.73,62.67
s_multilingual.csv,755587,7799,8,brotli -q11,69287,10.9052,1.3,200.91
s_multilingual.csv,755587,7799,8,bzip2 -9,48293,15.6459,19.73,80.02
s_multilingual.csv,755587,7799,8,feather+lz4,351266,2.151,1175.07,2437.82
s_multilingual.csv,755587,7799,8,feather+zstd,196202,3.8511,736.33,1251.15
s_multilingual.csv,755587,7799,8,gzip -9,83404,9.0594,71.75,333.91
s_multilingual.csv,755587,7799,8,lz4 -9,109547,6.8974,73.24,263.26
s_multilingual.csv,755587,7799,8,orc+snappy,176856,4.2723,336.71,798.68
s_multilingual.csv,755587,7799,8,orc+zlib,111479,6.7778,189.15,572.77
s_multilingual.csv,755587,7799,8,orc+zstd,93996,8.0385,283.62,753.31
s_multilingual.csv,755587,7799,8,parquet+brotli,68333,11.0574,4.97,545.19
s_multilingual.csv,755587,7799,8,parquet+gzip,88111,8.5754,159.17,638.17
s_multilingual.csv,755587,7799,8,parquet+snappy,121262,6.231,432.47,28.21
s_multilingual.csv,755587,7799,8,parquet+zstd,73468,10.2846,16.37,798.68
s_multilingual.csv,755587,7799,8,polypress,32043,23.5804,2.17,155.06
s_multilingual.csv,755587,7799,8,polypress+brotli,29464,25.6444,,
s_multilingual.csv,755587,7799,8,polypress+zstd,32623,23.1612,,
s_multilingual.csv,755587,7799,8,polypress-turbo,32065,23.5642,7.12,160.36
s_multilingual.csv,755587,7799,8,xz -9e,68412,11.0447,4.31,127.37
s_multilingual.csv,755587,7799,8,zip -9,83305,9.0701,67.0,170.29
s_multilingual.csv,755587,7799,8,zstd -19,69678,10.844,4.83,209.71
s_multilingual.csv,755587,7799,8,zstd -22,69677,10.8441,3.17,206.0
s_multilingual.csv,755587,7799,8,zstd -3,101443,7.4484,117.86,231.63
s_high_precision.csv,791216,40000,2,7z lzma2 -mx9,360321,2.1959,7.42,66.04
s_high_precision.csv,791216,40000,2,7z ppmd o12,334643,2.3644,13.55,12.11
s_high_precision.csv,791216,40000,2,7z ppmd o16,334643,2.3644,12.89,12.44
s_high_precision.csv,791216,40000,2,7z ppmd o6,334813,2.3632,13.27,12.58
s_high_precision.csv,791216,40000,2,brotli -q11,355444,2.226,1.58,96.95
s_high_precision.csv,791216,40000,2,bzip2 -9,337451,2.3447,21.33,45.0
s_high_precision.csv,791216,40000,2,feather+lz4,572882,1.3811,1235.98,3695.55
s_high_precision.csv,791216,40000,2,feather+zstd,556634,1.4214,681.44,1385.64
s_high_precision.csv,791216,40000,2,gzip -9,395717,1.9994,33.56,224.47
s_high_precision.csv,791216,40000,2,lz4 -9,520260,1.5208,39.55,170.62
s_high_precision.csv,791216,40000,2,orc+snappy,569838,1.3885,637.09,1882.36
s_high_precision.csv,791216,40000,2,orc+zlib,505669,1.5647,80.97,399.74
s_high_precision.csv,791216,40000,2,orc+zstd,513857,1.5398,390.33,1196.75
s_high_precision.csv,791216,40000,2,parquet+brotli,516256,1.5326,0.31,171.56
s_high_precision.csv,791216,40000,2,parquet+gzip,630316,1.2553,42.56,344.43
s_high_precision.csv,791216,40000,2,parquet+snappy,720512,1.0981,215.42,29.87
s_high_precision.csv,791216,40000,2,parquet+zstd,615564,1.2854,20.34,795.45
s_high_precision.csv,791216,40000,2,polypress,337455,2.3447,2.34,26.48
s_high_precision.csv,791216,40000,2,polypress+brotli,355448,2.226,,
s_high_precision.csv,791216,40000,2,polypress+zstd,370658,2.1346,,
s_high_precision.csv,791216,40000,2,polypress-turbo,348845,2.2681,2.59,49.36
s_high_precision.csv,791216,40000,2,xz -9e,360500,2.1948,6.74,48.17
s_high_precision.csv,791216,40000,2,zip -9,395822,1.9989,32.17,125.24
s_high_precision.csv,791216,40000,2,zstd -19,370655,2.1346,8.18,159.68
s_high_precision.csv,791216,40000,2,zstd -22,370655,2.1346,5.41,159.68
s_high_precision.csv,791216,40000,2,zstd -3,390113,2.0282,86.71,171.19
s_permits_1k.csv,948827,1059,116,7z lzma2 -mx9,140036,6.7756,7.97,137.43
s_permits_1k.csv,948827,1059,116,7z ppmd o12,123997,7.652,29.97,28.21
s_permits_1k.csv,948827,1059,116,7z ppmd o16,121939,7.7812,23.99,22.83
s_permits_1k.csv,948827,1059,116,7z ppmd o6,134519,7.0535,36.57,34.21
s_permits_1k.csv,948827,1059,116,brotli -q11,136416,6.9554,1.05,201.71
s_permits_1k.csv,948827,1059,116,bzip2 -9,138996,6.8263,20.92,72.73
s_permits_1k.csv,948827,1059,116,feather+lz4,435474,2.1788,653.15,1424.87
s_permits_1k.csv,948827,1059,116,feather+zstd,280186,3.3864,364.67,772.15
s_permits_1k.csv,948827,1059,116,gzip -9,197448,4.8055,19.59,367.03
s_permits_1k.csv,948827,1059,116,lz4 -9,223891,4.2379,47.09,271.63
s_permits_1k.csv,948827,1059,116,orc+snappy,308185,3.0788,148.58,543.37
s_permits_1k.csv,948827,1059,116,orc+zlib,219019,4.3322,82.27,326.95
s_permits_1k.csv,948827,1059,116,orc+zstd,213964,4.4345,118.42,413.99
s_permits_1k.csv,948827,1059,116,parquet+brotli,213453,4.4451,2.5,230.96
s_permits_1k.csv,948827,1059,116,parquet+gzip,235562,4.0279,68.04,263.4
s_permits_1k.csv,948827,1059,116,parquet+snappy,315072,3.0115,255.47,84.78
s_permits_1k.csv,948827,1059,116,parquet+zstd,217416,4.3641,16.84,328.76
s_permits_1k.csv,948827,1059,116,polypress,126304,7.5122,0.9,96.75
s_permits_1k.csv,948827,1059,116,polypress+brotli,124970,7.5924,,
s_permits_1k.csv,948827,1059,116,polypress+zstd,137988,6.8762,,
s_permits_1k.csv,948827,1059,116,polypress-turbo,127618,7.4349,1.77,95.44
s_permits_1k.csv,948827,1059,116,xz -9e,137988,6.8762,6.13,111.17
s_permits_1k.csv,948827,1059,116,zip -9,197730,4.7986,19.87,157.29
s_permits_1k.csv,948827,1059,116,zstd -19,145686,6.5128,5.89,222.71
s_permits_1k.csv,948827,1059,116,zstd -22,145580,6.5176,3.64,220.65
s_permits_1k.csv,948827,1059,116,zstd -3,185460,5.1161,114.29,263.76
s_shuffled_cats.csv,1215791,40000,8,7z lzma2 -mx9,314112,3.8706,4.69,110.21
s_shuffled_cats.csv,1215791,40000,8,7z ppmd o12,240511,5.055,17.67,16.54
s_shuffled_cats.csv,1215791,40000,8,7z ppmd o16,240493,5.0554,18.04,16.16
s_shuffled_cats.csv,1215791,40000,8,7z ppmd o6,235232,5.1685,51.2,47.21
s_shuffled_cats.csv,1215791,40000,8,brotli -q11,321061,3.7868,1.15,174.94
s_shuffled_cats.csv,1215791,40000,8,bzip2 -9,240423,5.0569,22.48,61.29
s_shuffled_cats.csv,1215791,40000,8,feather+lz4,1808882,0.6721,552.42,1855.68
s_shuffled_cats.csv,1215791,40000,8,feather+zstd,1151914,1.0555,314.39,706.09
s_shuffled_cats.csv,1215791,40000,8,gzip -9,374326,3.2479,9.32,349.59
s_shuffled_cats.csv,1215791,40000,8,lz4 -9,472592,2.5726,19.03,233.35
s_shuffled_cats.csv,1215791,40000,8,orc+snappy,559368,2.1735,163.85,352.73
s_shuffled_cats.csv,1215791,40000,8,orc+zlib,404265,3.0074,85.43,241.29
s_shuffled_cats.csv,1215791,40000,8,orc+zstd,378114,3.2154,133.46,329.25
s_shuffled_cats.csv,1215791,40000,8,parquet+brotli,241303,5.0384,2.73,357.28
s_shuffled_cats.csv,1215791,40000,8,parquet+gzip,241709,5.03,175.39,385.24
s_shuffled_cats.csv,1215791,40000,8,parquet+snappy,244237,4.9779,254.63,42.24
s_shuffled_cats.csv,1215791,40000,8,parquet+zstd,243578,4.9914,109.41,483.45
s_shuffled_cats.csv,1215791,40000,8,polypress,231565,5.2503,3.02,49.36
s_shuffled_cats.csv,1215791,40000,8,polypress+brotli,228908,5.3113,,
s_shuffled_cats.csv,1215791,40000,8,polypress+zstd,229093,5.307,,
s_shuffled_cats.csv,1215791,40000,8,polypress-turbo,231586,5.2498,19.21,77.96
s_shuffled_cats.csv,1215791,40000,8,xz -9e,314568,3.865,4.64,87.99
s_shuffled_cats.csv,1215791,40000,8,zip -9,374360,3.2477,9.55,153.13
s_shuffled_cats.csv,1215791,40000,8,zstd -19,326664,3.7218,5.84,239.79
s_shuffled_cats.csv,1215791,40000,8,zstd -22,326664,3.7218,4.51,240.99
s_shuffled_cats.csv,1215791,40000,8,zstd -3,396449,3.0667,106.97,256.72
m_random_text.csv,1560006,40000,3,7z lzma2 -mx9,1174495,1.3282,16.36,55.04
m_random_text.csv,1560006,40000,3,7z ppmd o12,1200623,1.2993,10.12,8.58
m_random_text.csv,1560006,40000,3,7z ppmd o16,1200623,1.2993,10.09,8.88
m_random_text.csv,1560006,40000,3,7z ppmd o6,1200623,1.2993,9.85,8.86
m_random_text.csv,1560006,40000,3,brotli -q11,1163658,1.3406,2.48,101.59
m_random_text.csv,1560006,40000,3,bzip2 -9,1177695,1.3246,21.38,36.66
m_random_text.csv,1560006,40000,3,feather+lz4,1921498,0.8119,2730.86,6478.36
m_random_text.csv,1560006,40000,3,feather+zstd,1407818,1.1081,1123.09,1067.74
m_random_text.csv,1560006,40000,3,gzip -9,1178432,1.3238,38.02,240.52
m_random_text.csv,1560006,40000,3,lz4 -9,1560025,1.0,50.48,162.13
m_random_text.csv,1560006,40000,3,orc+snappy,1441150,1.0825,720.61,1455.0
m_random_text.csv,1560006,40000,3,orc+zlib,1102912,1.4144,59.87,306.17
m_random_text.csv,1560006,40000,3,orc+zstd,1076098,1.4497,528.27,816.36
m_random_text.csv,1560006,40000,3,parquet+brotli,1264455,1.2337,0.45,144.49
m_random_text.csv,1560006,40000,3,parquet+gzip,1467039,1.0634,21.82,241.15
m_random_text.csv,1560006,40000,3,parquet+snappy,1937566,0.8051,251.9,54.78
m_random_text.csv,1560006,40000,3,parquet+zstd,1318694,1.183,12.92,485.83
m_random_text.csv,1560006,40000,3,polypress,1172566,1.3304,3.73,28.76
m_random_text.csv,1560006,40000,3,polypress+brotli,1148724,1.358,,
m_random_text.csv,1560006,40000,3,polypress+zstd,1152712,1.3533,,
m_random_text.csv,1560006,40000,3,polypress-turbo,1172588,1.3304,5.57,32.45
m_random_text.csv,1560006,40000,3,xz -9e,1180988,1.3209,10.47,35.46
m_random_text.csv,1560006,40000,3,zip -9,1177439,1.3249,37.54,152.4
m_random_text.csv,1560006,40000,3,zstd -19,1167106,1.3366,20.72,174.71
m_random_text.csv,1560006,40000,3,zstd -22,1167106,1.3366,10.5,173.91
m_random_text.csv,1560006,40000,3,zstd -3,1165971,1.3379,147.91,190.61
m_baby_names.csv,1564968,29685,6,7z lzma2 -mx9,107416,14.5692,6.24,232.57
m_baby_names.csv,1564968,29685,6,7z ppmd o12,97904,15.9847,64.92,60.02
m_baby_names.csv,1564968,29685,6,7z ppmd o16,93321,16.7697,56.09,52.21
m_baby_names.csv,1564968,29685,6,7z ppmd o6,93465,16.7439,93.19,85.63
m_baby_names.csv,1564968,29685,6,brotli -q11,112588,13.9,1.1,316.75
m_baby_names.csv,1564968,29685,6,bzip2 -9,103205,15.1637,16.6,107.34
m_baby_names.csv,1564968,29685,6,feather+lz4,523218,2.991,2170.62,4207.66
m_baby_names.csv,1564968,29685,6,feather+zstd,357922,4.3724,1181.2,1929.44
m_baby_names.csv,1564968,29685,6,gzip -9,151233,10.3481,25.15,563.96
m_baby_names.csv,1564968,29685,6,lz4 -9,203792,7.6792,57.46,387.44
m_baby_names.csv,1564968,29685,6,orc+snappy,201740,7.7574,550.67,1186.33
m_baby_names.csv,1564968,29685,6,orc+zlib,105350,14.8549,323.14,916.88
m_baby_names.csv,1564968,29685,6,orc+zstd,105523,14.8306,497.31,1294.41
m_baby_names.csv,1564968,29685,6,parquet+brotli,70142,22.3114,10.16,868.36
m_baby_names.csv,1564968,29685,6,parquet+gzip,76342,20.4994,311.81,1000.6
m_baby_names.csv,1564968,29685,6,parquet+snappy,92784,16.8668,641.07,56.7
m_baby_names.csv,1564968,29685,6,parquet+zstd,75258,20.7947,147.37,1318.33
m_baby_names.csv,1564968,29685,6,polypress,55062,28.4219,4.39,177.7
m_baby_names.csv,1564968,29685,6,polypress+brotli,53372,29.3219,,
m_baby_names.csv,1564968,29685,6,polypress+zstd,62972,24.8518,,
m_baby_names.csv,1564968,29685,6,polypress-turbo,55088,28.4085,23.04,178.08
m_baby_names.csv,1564968,29685,6,xz -9e,105772,14.7957,5.39,192.94
m_baby_names.csv,1564968,29685,6,zip -9,151259,10.3463,25.28,223.18
m_baby_names.csv,1564968,29685,6,zstd -19,119935,13.0485,5.44,340.63
m_baby_names.csv,1564968,29685,6,zstd -22,119639,13.0808,4.54,338.52
m_baby_names.csv,1564968,29685,6,zstd -3,166405,9.4046,142.57,391.15
m_uuid_keys.csv,1708897,40000,2,7z lzma2 -mx9,814683,2.0976,8.04,62.89
m_uuid_keys.csv,1708897,40000,2,7z ppmd o12,880135,1.9416,11.9,10.52
m_uuid_keys.csv,1708897,40000,2,7z ppmd o16,880135,1.9416,11.44,10.91
m_uuid_keys.csv,1708897,40000,2,7z ppmd o6,880176,1.9415,11.45,11.06
m_uuid_keys.csv,1708897,40000,2,brotli -q11,818301,2.0883,1.2,116.76
m_uuid_keys.csv,1708897,40000,2,bzip2 -9,875532,1.9518,22.32,45.93
m_uuid_keys.csv,1708897,40000,2,feather+lz4,1761258,0.9703,1977.82,5808.46
m_uuid_keys.csv,1708897,40000,2,feather+zstd,901298,1.896,1173.48,1738.87
m_uuid_keys.csv,1708897,40000,2,gzip -9,965673,1.7696,37.14,308.75
m_uuid_keys.csv,1708897,40000,2,lz4 -9,1293394,1.3213,43.56,190.79
m_uuid_keys.csv,1708897,40000,2,orc+snappy,1436986,1.1892,1132.33,2269.67
m_uuid_keys.csv,1708897,40000,2,orc+zlib,855707,1.9971,131.0,439.89
m_uuid_keys.csv,1708897,40000,2,orc+zstd,741249,2.3054,864.4,1683.73
m_uuid_keys.csv,1708897,40000,2,parquet+brotli,899520,1.8998,0.57,168.05
m_uuid_keys.csv,1708897,40000,2,parquet+gzip,1067990,1.6001,23.9,300.97
m_uuid_keys.csv,1708897,40000,2,parquet+snappy,1749554,0.9768,327.81,61.34
m_uuid_keys.csv,1708897,40000,2,parquet+zstd,918455,1.8606,5.51,834.8
m_uuid_keys.csv,1708897,40000,2,polypress,763880,2.2371,3.19,42.77
m_uuid_keys.csv,1708897,40000,2,polypress+brotli,759436,2.2502,,
m_uuid_keys.csv,1708897,40000,2,polypress+zstd,775631,2.2032,,
m_uuid_keys.csv,1708897,40000,2,polypress-turbo,763912,2.237,4.95,49.35
m_uuid_keys.csv,1708897,40000,2,xz -9e,820848,2.0819,7.37,42.93
m_uuid_keys.csv,1708897,40000,2,zip -9,965265,1.7704,34.93,135.92
m_uuid_keys.csv,1708897,40000,2,zstd -19,894466,1.9105,8.37,215.63
m_uuid_keys.csv,1708897,40000,2,zstd -22,894466,1.9105,6.02,212.94
m_uuid_keys.csv,1708897,40000,2,zstd -3,912474,1.8728,112.09,231.97
m_random_floats.csv,1726475,40000,3,7z lzma2 -mx9,791307,2.1818,6.69,74.66
m_random_floats.csv,1726475,40000,3,7z ppmd o12,776264,2.2241,10.94,10.63
m_random_floats.csv,1726475,40000,3,7z ppmd o16,776264,2.2241,11.06,10.44
m_random_floats.csv,1726475,40000,3,7z ppmd o6,776603,2.2231,11.76,11.1
m_random_floats.csv,1726475,40000,3,brotli -q11,775248,2.227,1.55,116.91
m_random_floats.csv,1726475,40000,3,bzip2 -9,768307,2.2471,21.66,46.55
m_random_floats.csv,1726475,40000,3,feather+lz4,961202,1.7962,5930.68,7606.47
m_random_floats.csv,1726475,40000,3,feather+zstd,923386,1.8697,2441.46,2411.38
m_random_floats.csv,1726475,40000,3,gzip -9,866287,1.993,32.25,341.9
m_random_floats.csv,1726475,40000,3,lz4 -9,1158274,1.4906,38.44,206.05
m_random_floats.csv,1726475,40000,3,orc+snappy,960947,1.7966,1568.41,4863.24
m_random_floats.csv,1726475,40000,3,orc+zlib,914478,1.8879,103.36,551.81
m_random_floats.csv,1726475,40000,3,orc+zstd,923313,1.8699,1036.26,2244.69
m_random_floats.csv,1726475,40000,3,parquet+brotli,967777,1.784,0.47,221.18
m_random_floats.csv,1726475,40000,3,parquet+gzip,1141638,1.5123,65.13,474.56
m_random_floats.csv,1726475,40000,3,parquet+snappy,1201358,1.4371,377.13,63.0
m_random_floats.csv,1726475,40000,3,parquet+zstd,1111236,1.5537,44.37,1185.94
m_random_floats.csv,1726475,40000,3,polypress,663029,2.6039,2.69,46.4
m_random_floats.csv,1726475,40000,3,polypress+brotli,721715,2.3922,,
m_random_floats.csv,1726475,40000,3,polypress+zstd,671838,2.5698,,
m_random_floats.csv,1726475,40000,3,polypress-turbo,705233,2.4481,14.15,52.59
m_random_floats.csv,1726475,40000,3,xz -9e,799108,2.1605,5.84,54.96
m_random_floats.csv,1726475,40000,3,zip -9,866174,1.9932,31.4,159.68
m_random_floats.csv,1726475,40000,3,zstd -19,822646,2.0987,7.15,237.61
m_random_floats.csv,1726475,40000,3,zstd -22,822646,2.0987,5.33,235.66
m_random_floats.csv,1726475,40000,3,zstd -3,873050,1.9775,102.51,238.82
m_nndss_2mb.csv,1999914,14618,16,7z lzma2 -mx9,87968,22.7346,6.72,298.07
m_nndss_2mb.csv,1999914,14618,16,7z ppmd o12,62356,32.0725,106.1,97.37
m_nndss_2mb.csv,1999914,14618,16,7z ppmd o16,71532,27.9583,87.5,80.96
m_nndss_2mb.csv,1999914,14618,16,7z ppmd o6,78469,25.4867,119.09,106.43
m_nndss_2mb.csv,1999914,14618,16,brotli -q11,68176,29.3346,0.98,409.9
m_nndss_2mb.csv,1999914,14618,16,bzip2 -9,93729,21.3372,19.72,109.97
m_nndss_2mb.csv,1999914,14618,16,feather+lz4,592330,3.3764,2499.48,4435.88
m_nndss_2mb.csv,1999914,14618,16,feather+zstd,326746,6.1207,1077.63,1876.15
m_nndss_2mb.csv,1999914,14618,16,gzip -9,143027,13.9828,43.38,729.35
m_nndss_2mb.csv,1999914,14618,16,lz4 -9,207192,9.6525,73.0,466.17
m_nndss_2mb.csv,1999914,14618,16,orc+snappy,88409,22.6212,545.08,1273.07
m_nndss_2mb.csv,1999914,14618,16,orc+zlib,38535,51.8986,420.48,1156.52
m_nndss_2mb.csv,1999914,14618,16,orc+zstd,25680,77.8783,497.49,1407.42
m_nndss_2mb.csv,1999914,14618,16,parquet+brotli,40469,49.4184,9.66,1007.96
m_nndss_2mb.csv,1999914,14618,16,parquet+gzip,68993,28.9872,198.44,1061.0
m_nndss_2mb.csv,1999914,14618,16,parquet+snappy,113807,17.5729,621.67,69.75
m_nndss_2mb.csv,1999914,14618,16,parquet+zstd,52220,38.2979,30.24,1201.75
m_nndss_2mb.csv,1999914,14618,16,polypress,12078,165.5832,3.78,260.14
m_nndss_2mb.csv,1999914,14618,16,polypress+brotli,11163,179.1556,,
m_nndss_2mb.csv,1999914,14618,16,polypress+zstd,12435,160.8294,,
m_nndss_2mb.csv,1999914,14618,16,polypress-turbo,12098,165.3095,28.97,183.85
m_nndss_2mb.csv,1999914,14618,16,xz -9e,69628,28.7228,2.91,251.34
m_nndss_2mb.csv,1999914,14618,16,zip -9,143287,13.9574,42.94,261.46
m_nndss_2mb.csv,1999914,14618,16,zstd -19,90677,22.0554,3.29,445.0
m_nndss_2mb.csv,1999914,14618,16,zstd -22,90679,22.0549,2.6,433.82
m_nndss_2mb.csv,1999914,14618,16,zstd -3,119472,16.7396,157.12,454.01
m_genomic.csv,2500026,32914,11,7z lzma2 -mx9,639019,3.9123,4.82,119.58
m_genomic.csv,2500026,32914,11,7z ppmd o12,533688,4.6844,18.39,16.82
m_genomic.csv,2500026,32914,11,7z ppmd o16,543657,4.5985,16.88,15.11
m_genomic.csv,2500026,32914,11,7z ppmd o6,524418,4.7672,31.31,27.52
m_genomic.csv,2500026,32914,11,brotli -q11,631917,3.9563,1.08,217.05
m_genomic.csv,2500026,32914,11,bzip2 -9,585183,4.2722,23.94,68.02
m_genomic.csv,2500026,32914,11,feather+lz4,2115218,1.1819,823.2,2776.98
m_genomic.csv,2500026,32914,11,feather+zstd,1293074,1.9334,499.8,1045.66
m_genomic.csv,2500026,32914,11,gzip -9,757343,3.301,29.58,533.99
m_genomic.csv,2500026,32914,11,lz4 -9,951622,2.6271,37.38,293.05
m_genomic.csv,2500026,32914,11,orc+snappy,1048627,2.3841,284.32,846.66
m_genomic.csv,2500026,32914,11,orc+zlib,751106,3.3285,118.79,415.68
m_genomic.csv,2500026,32914,11,orc+zstd,751557,3.3265,245.08,676.55
m_genomic.csv,2500026,32914,11,parquet+brotli,656869,3.806,1.0,371.85
m_genomic.csv,2500026,32914,11,parquet+gzip,824337,3.0328,53.47,493.29
m_genomic.csv,2500026,32914,11,parquet+snappy,1101667,2.2693,275.03,84.77
m_genomic.csv,2500026,32914,11,parquet+zstd,738685,3.3844,17.02,714.93
m_genomic.csv,2500026,32914,11,polypress,455336,5.4905,1.42,71.49
m_genomic.csv,2500026,32914,11,polypress+brotli,444569,5.6235,,
m_genomic.csv,2500026,32914,11,polypress+zstd,505654,4.9441,,
m_genomic.csv,2500026,32914,11,polypress-turbo,455378,5.49,4.0,57.76
m_genomic.csv,2500026,32914,11,xz -9e,635372,3.9347,2.11,85.39
m_genomic.csv,2500026,32914,11,zip -9,757026,3.3024,29.1,184.93
m_genomic.csv,2500026,32914,11,zstd -19,659328,3.7918,4.1,348.77
m_genomic.csv,2500026,32914,11,zstd -22,659349,3.7917,2.04,347.99
m_genomic.csv,2500026,32914,11,zstd -3,793404,3.151,117.69,339.9
m_base64_blob.csv,2600005,40000,1,7z lzma2 -mx9,2000458,1.2997,14.39,56.8
m_base64_blob.csv,2600005,40000,1,7z ppmd o12,2026839,1.2828,9.06,8.07
m_base64_blob.csv,2600005,40000,1,7z ppmd o16,2026839,1.2828,9.44,8.04
m_base64_blob.csv,2600005,40000,1,7z ppmd o6,2026839,1.2828,9.45,8.24
m_base64_blob.csv,2600005,40000,1,brotli -q11,1959691,1.3267,2.13,111.36
m_base64_blob.csv,2600005,40000,1,bzip2 -9,1972168,1.3183,21.36,36.16
m_base64_blob.csv,2600005,40000,1,feather+lz4,2721194,0.9555,3715.57,11663.33
m_base64_blob.csv,2600005,40000,1,feather+zstd,2022986,1.2852,1508.95,2015.38
m_base64_blob.csv,2600005,40000,1,gzip -9,1978136,1.3144,39.73,267.21
m_base64_blob.csv,2600005,40000,1,lz4 -9,2600024,1.0,51.56,172.91
m_base64_blob.csv,2600005,40000,1,orc+snappy,2561277,1.0151,2159.45,2937.83
m_base64_blob.csv,2600005,40000,1,orc+zlib,1974821,1.3166,60.01,311.52
m_base64_blob.csv,2600005,40000,1,orc+zstd,1923045,1.352,1101.31,1599.94
m_base64_blob.csv,2600005,40000,1,parquet+brotli,1975939,1.3158,1.51,290.99
m_base64_blob.csv,2600005,40000,1,parquet+gzip,2042548,1.2729,43.24,335.96
m_base64_blob.csv,2600005,40000,1,parquet+snappy,2749512,0.9456,1478.87,95.77
m_base64_blob.csv,2600005,40000,1,parquet+zstd,1980193,1.313,25.39,1206.06
m_base64_blob.csv,2600005,40000,1,polypress,1972172,1.3183,3.89,29.82
m_base64_blob.csv,2600005,40000,1,polypress+brotli,1959695,1.3267,,
m_base64_blob.csv,2600005,40000,1,polypress+zstd,1961693,1.3254,,
m_base64_blob.csv,2600005,40000,1,polypress-turbo,1999133,1.3006,7.39,35.03
m_base64_blob.csv,2600005,40000,1,xz -9e,1999052,1.3006,9.91,35.82
m_base64_blob.csv,2600005,40000,1,zip -9,1976450,1.3155,37.95,166.75
m_base64_blob.csv,2600005,40000,1,zstd -19,1961690,1.3254,20.05,204.9
m_base64_blob.csv,2600005,40000,1,zstd -22,1961690,1.3254,11.73,209.37
m_base64_blob.csv,2600005,40000,1,zstd -3,1960242,1.3264,162.97,215.75
m_ecommerce.csv,3000012,27584,12,7z lzma2 -mx9,630772,4.7561,4.46,144.24
m_ecommerce.csv,3000012,27584,12,7z ppmd o12,565122,5.3086,19.89,18.57
m_ecommerce.csv,3000012,27584,12,7z ppmd o16,569579,5.2671,16.23,15.16
m_ecommerce.csv,3000012,27584,12,7z ppmd o6,569570,5.2672,33.93,30.94
m_ecommerce.csv,3000012,27584,12,brotli -q11,652156,4.6001,1.0,248.8
m_ecommerce.csv,3000012,27584,12,bzip2 -9,626311,4.79,22.8,64.54
m_ecommerce.csv,3000012,27584,12,feather+lz4,2335138,1.2847,790.09,2785.69
m_ecommerce.csv,3000012,27584,12,feather+zstd,1336194,2.2452,475.53,968.14
m_ecommerce.csv,3000012,27584,12,gzip -9,858731,3.4935,28.02,566.77
m_ecommerce.csv,3000012,27584,12,lz4 -9,1093802,2.7427,36.47,314.64
m_ecommerce.csv,3000012,27584,12,orc+snappy,1303896,2.3008,303.59,897.12
m_ecommerce.csv,3000012,27584,12,orc+zlib,872960,3.4366,130.87,447.03
m_ecommerce.csv,3000012,27584,12,orc+zstd,815134,3.6804,254.62,708.26
m_ecommerce.csv,3000012,27584,12,parquet+brotli,757587,3.96,1.32,374.25
m_ecommerce.csv,3000012,27584,12,parquet+gzip,941932,3.185,47.74,470.22
m_ecommerce.csv,3000012,27584,12,parquet+snappy,1335132,2.247,301.36,99.5
m_ecommerce.csv,3000012,27584,12,parquet+zstd,792081,3.7875,10.67,656.05
m_ecommerce.csv,3000012,27584,12,polypress,478863,6.2649,1.22,70.57
m_ecommerce.csv,3000012,27584,12,polypress+brotli,506494,5.9231,,
m_ecommerce.csv,3000012,27584,12,polypress+zstd,538187,5.5743,,
m_ecommerce.csv,3000012,27584,12,polypress-turbo,478889,6.2645,2.32,69.35
m_ecommerce.csv,3000012,27584,12,xz -9e,627940,4.7775,4.62,104.66
m_ecommerce.csv,3000012,27584,12,zip -9,858407,3.4949,27.18,194.68
m_ecommerce.csv,3000012,27584,12,zstd -19,697293,4.3024,5.37,402.9
m_ecommerce.csv,3000012,27584,12,zstd -22,697293,4.3024,4.65,405.13
m_ecommerce.csv,3000012,27584,12,zstd -3,930073,3.2256,127.95,365.37
m_financial_shuffled.csv,3041580,40175,10,7z lzma2 -mx9,747672,4.0681,4.35,122.47
m_financial_shuffled.csv,3041580,40175,10,7z ppmd o12,624550,4.87,16.8,15.57
m_financial_shuffled.csv,3041580,40175,10,7z ppmd o16,627557,4.8467,15.54,13.74
m_financial_shuffled.csv,3041580,40175,10,7z ppmd o6,660953,4.6018,31.72,28.28
m_financial_shuffled.csv,3041580,40175,10,brotli -q11,746932,4.0721,1.02,218.76
m_financial_shuffled.csv,3041580,40175,10,bzip2 -9,690621,4.4041,21.41,62.41
m_financial_shuffled.csv,3041580,40175,10,feather+lz4,2000586,1.5203,754.78,2735.27
m_financial_shuffled.csv,3041580,40175,10,feather+zstd,1301202,2.3375,469.95,1000.18
m_financial_shuffled.csv,3041580,40175,10,gzip -9,990172,3.0718,27.81,518.34
m_financial_shuffled.csv,3041580,40175,10,lz4 -9,1252538,2.4283,29.37,287.94
m_financial_shuffled.csv,3041580,40175,10,orc+snappy,1446816,2.1023,309.39,1009.92
m_financial_shuffled.csv,3041580,40175,10,orc+zlib,1064787,2.8565,109.29,457.38
m_financial_shuffled.csv,3041580,40175,10,orc+zstd,1020168,2.9815,240.79,740.93
m_financial_shuffled.csv,3041580,40175,10,parquet+brotli,1003157,3.032,1.36,442.59
m_financial_shuffled.csv,3041580,40175,10,parquet+gzip,1131139,2.689,41.24,603.27
m_financial_shuffled.csv,3041580,40175,10,parquet+snappy,1416486,2.1473,274.49,100.48
m_financial_shuffled.csv,3041580,40175,10,parquet+zstd,1103109,2.7573,17.68,831.47
m_financial_shuffled.csv,3041580,40175,10,polypress,688065,4.4205,1.45,44.05
m_financial_shuffled.csv,3041580,40175,10,polypress+brotli,672771,4.521,,
m_financial_shuffled.csv,3041580,40175,10,polypress+zstd,711456,4.2751,,
m_financial_shuffled.csv,3041580,40175,10,polypress-turbo,691392,4.3992,3.03,52.46
m_financial_shuffled.csv,3041580,40175,10,xz -9e,749200,4.0598,4.43,89.6
m_financial_shuffled.csv,3041580,40175,10,zip -9,989642,3.0734,27.02,185.23
m_financial_shuffled.csv,3041580,40175,10,zstd -19,837734,3.6307,5.2,375.33
m_financial_shuffled.csv,3041580,40175,10,zstd -22,837734,3.6307,4.48,376.89
m_financial_shuffled.csv,3041580,40175,10,zstd -3,1068364,2.847,117.73,342.49
m_financial_sorted.csv,3041580,40175,10,7z lzma2 -mx9,600629,5.064,4.8,120.79
m_financial_sorted.csv,3041580,40175,10,7z ppmd o12,606961,5.0112,20.56,18.88
m_financial_sorted.csv,3041580,40175,10,7z ppmd o16,605848,5.0204,18.39,17.78
m_financial_sorted.csv,3041580,40175,10,7z ppmd o6,630013,4.8278,36.14,32.98
m_financial_sorted.csv,3041580,40175,10,brotli -q11,632540,4.8085,1.03,231.75
m_financial_sorted.csv,3041580,40175,10,bzip2 -9,654344,4.6483,26.05,76.34
m_financial_sorted.csv,3041580,40175,10,feather+lz4,1580362,1.9246,962.53,3417.44
m_financial_sorted.csv,3041580,40175,10,feather+zstd,1033354,2.9434,621.25,1418.11
m_financial_sorted.csv,3041580,40175,10,gzip -9,825905,3.6827,20.12,593.09
m_financial_sorted.csv,3041580,40175,10,lz4 -9,1117219,2.7225,36.74,315.11
m_financial_sorted.csv,3041580,40175,10,orc+snappy,1048974,2.8996,423.75,1383.36
m_financial_sorted.csv,3041580,40175,10,orc+zlib,784913,3.8751,158.26,621.25
m_financial_sorted.csv,3041580,40175,10,orc+zstd,719429,4.2278,328.37,1111.65
m_financial_sorted.csv,3041580,40175,10,parquet+brotli,883897,3.4411,1.34,483.19
m_financial_sorted.csv,3041580,40175,10,parquet+gzip,1014922,2.9969,42.34,658.82
m_financial_sorted.csv,3041580,40175,10,parquet+snappy,1317064,2.3094,316.9,105.67
m_financial_sorted.csv,3041580,40175,10,parquet+zstd,970104,3.1353,14.77,937.35
m_financial_sorted.csv,3041580,40175,10,polypress,523636,5.8086,0.99,54.6
m_financial_sorted.csv,3041580,40175,10,polypress+brotli,527829,5.7624,,
m_financial_sorted.csv,3041580,40175,10,polypress+zstd,555574,5.4747,,
m_financial_sorted.csv,3041580,40175,10,polypress-turbo,527846,5.7622,2.58,65.05
m_financial_sorted.csv,3041580,40175,10,xz -9e,606792,5.0126,1.93,91.96
m_financial_sorted.csv,3041580,40175,10,zip -9,827844,3.6741,19.96,193.14
m_financial_sorted.csv,3041580,40175,10,zstd -19,685919,4.4343,4.03,392.86
m_financial_sorted.csv,3041580,40175,10,zstd -22,689427,4.4118,1.94,378.43
m_financial_sorted.csv,3041580,40175,10,zstd -3,905272,3.3599,126.76,374.16
m_quakes.csv,3054091,16190,22,7z lzma2 -mx9,640967,4.7648,4.8,139.63
m_quakes.csv,3054091,16190,22,7z ppmd o12,513007,5.9533,22.85,21.19
m_quakes.csv,3054091,16190,22,7z ppmd o16,518270,5.8929,19.99,18.24
m_quakes.csv,3054091,16190,22,7z ppmd o6,498494,6.1266,36.34,32.93
m_quakes.csv,3054091,16190,22,brotli -q11,651526,4.6876,1.02,256.38
m_quakes.csv,3054091,16190,22,bzip2 -9,597324,5.113,24.42,72.78
m_quakes.csv,3054091,16190,22,feather+lz4,1690698,1.8064,815.49,3003.47
m_quakes.csv,3054091,16190,22,feather+zstd,1161970,2.6284,533.83,1055.69
m_quakes.csv,3054091,16190,22,gzip -9,855429,3.5702,28.54,559.75
m_quakes.csv,3054091,16190,22,lz4 -9,1021774,2.989,41.11,342.73
m_quakes.csv,3054091,16190,22,orc+snappy,1083689,2.8182,371.36,1175.96
m_quakes.csv,3054091,16190,22,orc+zlib,749710,4.0737,151.37,524.02
m_quakes.csv,3054091,16190,22,orc+zstd,794499,3.844,291.48,809.41
m_quakes.csv,3054091,16190,22,parquet+brotli,702146,4.3497,1.68,442.62
m_quakes.csv,3054091,16190,22,parquet+gzip,820304,3.7231,71.91,566.0
m_quakes.csv,3054091,16190,22,parquet+snappy,1105986,2.7614,376.89,104.03
m_quakes.csv,3054091,16190,22,parquet+zstd,758261,4.0278,16.12,925.76
m_quakes.csv,3054091,16190,22,polypress,472280,6.4667,0.89,74.08
m_quakes.csv,3054091,16190,22,polypress+brotli,481643,6.341,,
m_quakes.csv,3054091,16190,22,polypress+zstd,513524,5.9473,,
m_quakes.csv,3054091,16190,22,polypress-turbo,476847,6.4048,3.04,77.32
m_quakes.csv,3054091,16190,22,xz -9e,641148,4.7635,4.21,101.8
m_quakes.csv,3054091,16190,22,zip -9,854379,3.5746,27.43,201.5
m_quakes.csv,3054091,16190,22,zstd -19,689502,4.4294,5.4,409.66
m_quakes.csv,3054091,16190,22,zstd -22,689443,4.4298,4.28,400.81
m_quakes.csv,3054091,16190,22,zstd -3,878419,3.4768,127.31,376.57
m_weather_wide.csv,3413818,26304,25,7z lzma2 -mx9,740407,4.6107,3.98,134.96
m_weather_wide.csv,3413818,26304,25,7z ppmd o12,697996,4.8909,16.17,14.58
m_weather_wide.csv,3413818,26304,25,7z ppmd o16,700391,4.8742,14.4,13.38
m_weather_wide.csv,3413818,26304,25,7z ppmd o6,635046,5.3757,65.48,54.63
m_weather_wide.csv,3413818,26304,25,brotli -q11,810188,4.2136,0.96,237.4
m_weather_wide.csv,3413818,26304,25,bzip2 -9,687390,4.9663,24.81,70.04
m_weather_wide.csv,3413818,26304,25,feather+lz4,2102770,1.6235,465.03,1936.78
m_weather_wide.csv,3413818,26304,25,feather+zstd,1253642,2.7231,347.82,574.81
m_weather_wide.csv,3413818,26304,25,gzip -9,934278,3.654,5.8,509.45
m_weather_wide.csv,3413818,26304,25,lz4 -9,1199125,2.8469,11.04,324.29
m_weather_wide.csv,3413818,26304,25,orc+snappy,1581835,2.1581,366.92,1461.83
m_weather_wide.csv,3413818,26304,25,orc+zlib,1182886,2.886,122.25,497.99
m_weather_wide.csv,3413818,26304,25,orc+zstd,1202958,2.8379,240.85,574.72
m_weather_wide.csv,3413818,26304,25,parquet+brotli,811255,4.2081,1.74,504.32
m_weather_wide.csv,3413818,26304,25,parquet+gzip,868824,3.9292,122.23,903.55
m_weather_wide.csv,3413818,26304,25,parquet+snappy,973050,3.5084,467.84,122.19
m_weather_wide.csv,3413818,26304,25,parquet+zstd,857010,3.9834,66.91,1719.12
m_weather_wide.csv,3413818,26304,25,polypress,412140,8.2832,2.03,75.51
m_weather_wide.csv,3413818,26304,25,polypress+brotli,403370,8.4632,,
m_weather_wide.csv,3413818,26304,25,polypress+zstd,422916,8.0721,,
m_weather_wide.csv,3413818,26304,25,polypress-turbo,412206,8.2818,10.98,76.99
m_weather_wide.csv,3413818,26304,25,xz -9e,746960,4.5703,3.82,102.09
m_weather_wide.csv,3413818,26304,25,zip -9,934507,3.6531,5.83,199.37
m_weather_wide.csv,3413818,26304,25,zstd -19,829321,4.1164,5.05,421.36
m_weather_wide.csv,3413818,26304,25,zstd -22,829512,4.1155,4.34,420.63
m_weather_wide.csv,3413818,26304,25,zstd -3,1019943,3.3471,129.82,397.36
m_survey_demo.csv,4419110,40000,21,7z lzma2 -mx9,385468,11.4643,5.16,341.06
m_survey_demo.csv,4419110,40000,21,7z ppmd o12,206375,21.413,88.65,80.83
m_survey_demo.csv,4419110,40000,21,7z ppmd o16,211976,20.8472,75.95,67.47
m_survey_demo.csv,4419110,40000,21,7z ppmd o6,216295,20.4309,123.13,108.58
m_survey_demo.csv,4419110,40000,21,brotli -q11,372154,11.8744,1.1,522.31
m_survey_demo.csv,4419110,40000,21,bzip2 -9,255397,17.3029,16.02,109.92
m_survey_demo.csv,4419110,40000,21,feather+lz4,3554090,1.2434,802.59,2005.09
m_survey_demo.csv,4419110,40000,21,feather+zstd,1814386,2.4356,448.95,782.96
m_survey_demo.csv,4419110,40000,21,gzip -9,443459,9.9651,47.14,986.91
m_survey_demo.csv,4419110,40000,21,lz4 -9,610566,7.2377,35.81,539.83
m_survey_demo.csv,4419110,40000,21,orc+snappy,1007742,4.3852,208.43,543.5
m_survey_demo.csv,4419110,40000,21,orc+zlib,582271,7.5894,134.99,394.49
m_survey_demo.csv,4419110,40000,21,orc+zstd,601027,7.3526,185.62,460.9
m_survey_demo.csv,4419110,40000,21,parquet+brotli,302288,14.6189,3.1,474.1
m_survey_demo.csv,4419110,40000,21,parquet+gzip,366399,12.0609,120.17,533.66
m_survey_demo.csv,4419110,40000,21,parquet+snappy,505408,8.7436,286.1,127.89
m_survey_demo.csv,4419110,40000,21,parquet+zstd,333372,13.2558,23.42,608.87
m_survey_demo.csv,4419110,40000,21,polypress,172570,25.6076,1.35,98.74
m_survey_demo.csv,4419110,40000,21,polypress+brotli,168717,26.1924,,
m_survey_demo.csv,4419110,40000,21,polypress+zstd,173435,25.4799,,
m_survey_demo.csv,4419110,40000,21,polypress-turbo,172596,25.6038,17.34,133.17
m_survey_demo.csv,4419110,40000,21,xz -9e,362196,12.2009,1.32,248.48
m_survey_demo.csv,4419110,40000,21,zip -9,443377,9.9669,45.71,293.34
m_survey_demo.csv,4419110,40000,21,zstd -19,374585,11.7973,3.05,684.18
m_survey_demo.csv,4419110,40000,21,zstd -22,374573,11.7977,1.35,682.69
m_survey_demo.csv,4419110,40000,21,zstd -3,622338,7.1008,168.51,617.01
m_wide_random.csv,5511908,4000,200,7z lzma2 -mx9,2385986,2.3101,3.88,112.86
m_wide_random.csv,5511908,4000,200,7z ppmd o12,2236311,2.4647,6.85,6.44
m_wide_random.csv,5511908,4000,200,7z ppmd o16,2236311,2.4647,6.83,6.41
m_wide_random.csv,5511908,4000,200,7z ppmd o6,2242989,2.4574,9.42,8.94
m_wide_random.csv,5511908,4000,200,brotli -q11,2388303,2.3079,1.21,134.05
m_wide_random.csv,5511908,4000,200,bzip2 -9,2351798,2.3437,21.54,48.55
m_wide_random.csv,5511908,4000,200,feather+lz4,4076810,1.352,450.8,1500.23
m_wide_random.csv,5511908,4000,200,feather+zstd,2800482,1.9682,200.78,484.86
m_wide_random.csv,5511908,4000,200,gzip -9,2623068,2.1013,24.95,453.54
m_wide_random.csv,5511908,4000,200,lz4 -9,3494451,1.5773,41.06,256.11
m_wide_random.csv,5511908,4000,200,orc+snappy,2418720,2.2789,210.71,1882.32
m_wide_random.csv,5511908,4000,200,orc+zlib,2284597,2.4126,110.98,484.22
m_wide_random.csv,5511908,4000,200,orc+zstd,2285338,2.4119,181.11,1164.61
m_wide_random.csv,5511908,4000,200,parquet+brotli,3619399,1.5229,0.55,115.69
m_wide_random.csv,5511908,4000,200,parquet+gzip,4039019,1.3647,18.9,356.99
m_wide_random.csv,5511908,4000,200,parquet+snappy,5207477,1.0585,189.91,165.27
m_wide_random.csv,5511908,4000,200,parquet+zstd,3720506,1.4815,6.88,533.68
m_wide_random.csv,5511908,4000,200,polypress,2286318,2.4108,1.98,48.34
m_wide_random.csv,5511908,4000,200,polypress+brotli,2176157,2.5329,,
m_wide_random.csv,5511908,4000,200,polypress+zstd,2571772,2.1432,,
m_wide_random.csv,5511908,4000,200,polypress-turbo,2286504,2.4106,1.75,47.28
m_wide_random.csv,5511908,4000,200,xz -9e,2386440,2.3097,3.58,74.69
m_wide_random.csv,5511908,4000,200,zip -9,2621987,2.1022,24.38,182.22
m_wide_random.csv,5511908,4000,200,zstd -19,2525387,2.1826,3.98,342.84
m_wide_random.csv,5511908,4000,200,zstd -22,2525387,2.1826,3.56,347.78
m_wide_random.csv,5511908,4000,200,zstd -3,2714268,2.0307,102.96,330.74
m_weather_hourly.csv,5677612,87672,11,7z lzma2 -mx9,1073930,5.2868,3.62,149.25
m_weather_hourly.csv,5677612,87672,11,7z ppmd o12,1031144,5.5061,14.75,14.1
m_weather_hourly.csv,5677612,87672,11,7z ppmd o16,1040592,5.4561,12.19,11.41
m_weather_hourly.csv,5677612,87672,11,7z ppmd o6,1082301,5.2459,52.27,48.99
m_weather_hourly.csv,5677612,87672,11,brotli -q11,1173478,4.8383,0.91,286.45
m_weather_hourly.csv,5677612,87672,11,bzip2 -9,1139191,4.9839,25.46,72.77
m_weather_hourly.csv,5677612,87672,11,feather+lz4,2984810,1.9022,588.35,2116.96
m_weather_hourly.csv,5677612,87672,11,feather+zstd,1581834,3.5893,455.74,760.24
m_weather_hourly.csv,5677612,87672,11,gzip -9,1564221,3.6297,8.88,682.65
m_weather_hourly.csv,5677612,87672,11,lz4 -9,1950536,2.9108,23.74,370.75
m_weather_hourly.csv,5677612,87672,11,orc+snappy,1882455,3.0161,420.07,1862.19
m_weather_hourly.csv,5677612,87672,11,orc+zlib,1437410,3.9499,150.85,626.66
m_weather_hourly.csv,5677612,87672,11,orc+zstd,1401513,4.0511,313.98,864.66
m_weather_hourly.csv,5677612,87672,11,parquet+brotli,1198785,4.7361,1.26,537.76
m_weather_hourly.csv,5677612,87672,11,parquet+gzip,1393679,4.0738,90.92,878.21
m_weather_hourly.csv,5677612,87672,11,parquet+snappy,1719526,3.3018,570.73,202.86
m_weather_hourly.csv,5677612,87672,11,parquet+zstd,1320664,4.2991,48.08,1665.99
m_weather_hourly.csv,5677612,87672,11,polypress,494456,11.4825,1.67,58.5
m_weather_hourly.csv,5677612,87672,11,polypress+brotli,496347,11.4388,,
m_weather_hourly.csv,5677612,87672,11,polypress+zstd,522545,10.8653,,
m_weather_hourly.csv,5677612,87672,11,polypress-turbo,494504,11.4814,9.45,57.32
m_weather_hourly.csv,5677612,87672,11,xz -9e,1078640,5.2637,3.37,111.35
m_weather_hourly.csv,5677612,87672,11,zip -9,1564735,3.6285,8.87,213.44
m_weather_hourly.csv,5677612,87672,11,zstd -19,1231192,4.6115,4.47,510.07
m_weather_hourly.csv,5677612,87672,11,zstd -22,1231150,4.6116,3.74,517.85
m_weather_hourly.csv,5677612,87672,11,zstd -3,1714478,3.3116,127.98,433.21
l_nndss_8mb.csv,7999964,58226,16,7z lzma2 -mx9,274588,29.1344,5.82,517.63
l_nndss_8mb.csv,7999964,58226,16,7z ppmd o12,233782,34.2198,126.47,119.14
l_nndss_8mb.csv,7999964,58226,16,7z ppmd o16,261412,30.6029,108.0,101.79
l_nndss_8mb.csv,7999964,58226,16,7z ppmd o6,299071,26.7494,143.47,130.06
l_nndss_8mb.csv,7999964,58226,16,brotli -q11,184180,43.4356,0.96,818.0
l_nndss_8mb.csv,7999964,58226,16,bzip2 -9,369103,21.6741,19.86,116.47
l_nndss_8mb.csv,7999964,58226,16,feather+lz4,2370114,3.3753,2568.26,5028.37
l_nndss_8mb.csv,7999964,58226,16,feather+zstd,1310410,6.1049,1103.14,1925.53
l_nndss_8mb.csv,7999964,58226,16,gzip -9,574300,13.9299,41.6,1407.95
l_nndss_8mb.csv,7999964,58226,16,lz4 -9,832163,9.6135,106.75,747.16
l_nndss_8mb.csv,7999964,58226,16,orc+snappy,332352,24.0708,617.86,1529.92
l_nndss_8mb.csv,7999964,58226,16,orc+zlib,136433,58.6366,492.79,1230.0
l_nndss_8mb.csv,7999964,58226,16,orc+zstd,78554,101.8403,596.91,1600.03
l_nndss_8mb.csv,7999964,58226,16,parquet+brotli,176172,45.41,15.5,1415.43
l_nndss_8mb.csv,7999964,58226,16,parquet+gzip,252878,31.6357,217.72,1378.34
l_nndss_8mb.csv,7999964,58226,16,parquet+snappy,430019,18.6037,710.04,249.3
l_nndss_8mb.csv,7999964,58226,16,parquet+zstd,191277,41.824,38.95,1514.32
l_nndss_8mb.csv,7999964,58226,16,polypress,35432,225.7836,5.6,181.5
l_nndss_8mb.csv,7999964,58226,16,polypress+brotli,34831,229.6794,,
l_nndss_8mb.csv,7999964,58226,16,polypress+zstd,38729,206.5626,,
l_nndss_8mb.csv,7999964,58226,16,polypress-turbo,35456,225.6308,30.49,192.64
l_nndss_8mb.csv,7999964,58226,16,xz -9e,183804,43.5244,0.83,380.41
l_nndss_8mb.csv,7999964,58226,16,zip -9,574887,13.9157,40.74,357.49
l_nndss_8mb.csv,7999964,58226,16,zstd -19,233179,34.3083,2.57,1104.05
l_nndss_8mb.csv,7999964,58226,16,zstd -22,233148,34.3128,0.83,1085.72
l_nndss_8mb.csv,7999964,58226,16,zstd -3,326887,24.4732,197.64,1036.94
l_weblog_big.csv,10000153,56770,9,7z lzma2 -mx9,957679,10.4421,6.6,350.51
l_weblog_big.csv,10000153,56770,9,7z ppmd o12,609782,16.3996,49.81,47.03
l_weblog_big.csv,10000153,56770,9,7z ppmd o16,612417,16.329,41.23,38.89
l_weblog_big.csv,10000153,56770,9,7z ppmd o6,608689,16.429,96.96,88.38
l_weblog_big.csv,10000153,56770,9,brotli -q11,947791,10.551,1.05,548.64
l_weblog_big.csv,10000153,56770,9,bzip2 -9,739049,13.5311,16.79,95.09
l_weblog_big.csv,10000153,56770,9,feather+lz4,2984738,3.3504,1417.26,4661.96
l_weblog_big.csv,10000153,56770,9,feather+zstd,1769498,5.6514,966.02,1814.17
l_weblog_big.csv,10000153,56770,9,gzip -9,1150578,8.6914,76.46,1274.26
l_weblog_big.csv,10000153,56770,9,lz4 -9,1460998,6.8447,121.7,671.65
l_weblog_big.csv,10000153,56770,9,orc+snappy,1746369,5.7263,610.5,1544.38
l_weblog_big.csv,10000153,56770,9,orc+zlib,1147923,8.7115,290.14,820.09
l_weblog_big.csv,10000153,56770,9,orc+zstd,1130803,8.8434,498.44,1222.49
l_weblog_big.csv,10000153,56770,9,parquet+brotli,895814,11.1632,2.88,843.97
l_weblog_big.csv,10000153,56770,9,parquet+gzip,1033910,9.6722,93.94,1018.35
l_weblog_big.csv,10000153,56770,9,parquet+snappy,1516319,6.595,708.77,299.56
l_weblog_big.csv,10000153,56770,9,parquet+zstd,943967,10.5938,28.51,1550.37
l_weblog_big.csv,10000153,56770,9,polypress,626908,15.9515,2.41,149.43
l_weblog_big.csv,10000153,56770,9,polypress+brotli,643458,15.5413,,
l_weblog_big.csv,10000153,56770,9,polypress+zstd,693007,14.4301,,
l_weblog_big.csv,10000153,56770,9,polypress-turbo,647398,15.4467,9.35,185.43
l_weblog_big.csv,10000153,56770,9,xz -9e,937632,10.6653,3.97,236.05
l_weblog_big.csv,10000153,56770,9,zip -9,1149804,8.6973,73.49,324.54
l_weblog_big.csv,10000153,56770,9,zstd -19,955729,10.4634,3.84,897.11
l_weblog_big.csv,10000153,56770,9,zstd -22,955782,10.4628,3.5,894.46
l_weblog_big.csv,10000153,56770,9,zstd -3,1405219,7.1164,197.36,772.74
l_iot_sensor.csv,10163428,163240,8,7z lzma2 -mx9,1269987,8.0028,3.11,200.27
l_iot_sensor.csv,10163428,163240,8,7z ppmd o12,1288990,7.8848,21.07,19.69
l_iot_sensor.csv,10163428,163240,8,7z ppmd o16,1405997,7.2286,17.86,16.51
l_iot_sensor.csv,10163428,163240,8,7z ppmd o6,1258033,8.0788,69.01,63.01
l_iot_sensor.csv,10163428,163240,8,brotli -q11,1191352,8.531,0.89,402.26
l_iot_sensor.csv,10163428,163240,8,bzip2 -9,1406712,7.225,24.26,84.31
l_iot_sensor.csv,10163428,163240,8,feather+lz4,4332154,2.346,1070.64,3835.22
l_iot_sensor.csv,10163428,163240,8,feather+zstd,2799594,3.6303,606.6,1222.92
l_iot_sensor.csv,10163428,163240,8,gzip -9,2139427,4.7505,18.62,889.89
l_iot_sensor.csv,10163428,163240,8,lz4 -9,2773806,3.6641,77.67,480.56
l_iot_sensor.csv,10163428,163240,8,orc+snappy,2651582,3.833,515.65,1565.21
l_iot_sensor.csv,10163428,163240,8,orc+zlib,1859590,5.4654,212.55,733.81
l_iot_sensor.csv,10163428,163240,8,orc+zstd,1985370,5.1192,384.72,1006.17
l_iot_sensor.csv,10163428,163240,8,parquet+brotli,1181134,8.6048,2.46,844.7
l_iot_sensor.csv,10163428,163240,8,parquet+gzip,1278177,7.9515,228.78,1324.03
l_iot_sensor.csv,10163428,163240,8,parquet+snappy,1436252,7.0764,662.29,330.62
l_iot_sensor.csv,10163428,163240,8,parquet+zstd,1248867,8.1381,116.14,2116.92
l_iot_sensor.csv,10163428,163240,8,polypress,586696,17.3232,1.9,60.59
l_iot_sensor.csv,10163428,163240,8,polypress+brotli,877223,11.5859,,
l_iot_sensor.csv,10163428,163240,8,polypress+zstd,975247,10.4214,,
l_iot_sensor.csv,10163428,163240,8,polypress-turbo,561602,18.0972,15.91,84.15
l_iot_sensor.csv,10163428,163240,8,xz -9e,1266660,8.0238,1.2,146.31
l_iot_sensor.csv,10163428,163240,8,zip -9,2138308,4.753,18.38,262.58
l_iot_sensor.csv,10163428,163240,8,zstd -19,1487629,6.832,2.86,686.67
l_iot_sensor.csv,10163428,163240,8,zstd -22,1487887,6.8308,1.3,676.88
l_iot_sensor.csv,10163428,163240,8,zstd -3,2206790,4.6055,181.38,614.45
l_nndss_full.csv,20762998,150000,16,7z lzma2 -mx9,729181,28.4744,4.86,589.24
l_nndss_full.csv,20762998,150000,16,7z ppmd o12,607738,34.1644,128.8,122.31
l_nndss_full.csv,20762998,150000,16,7z ppmd o16,661831,31.3721,112.29,100.11
l_nndss_full.csv,20762998,150000,16,7z ppmd o6,783082,26.5145,151.66,137.4
l_nndss_full.csv,20762998,150000,16,brotli -q11,444031,46.7602,0.9,1031.07
l_nndss_full.csv,20762998,150000,16,bzip2 -9,982068,21.1421,19.99,127.81
l_nndss_full.csv,20762998,150000,16,feather+lz4,6181226,3.359,2627.91,5107.7
l_nndss_full.csv,20762998,150000,16,feather+zstd,3419522,6.0719,1077.31,1906.57
l_nndss_full.csv,20762998,150000,16,gzip -9,1513841,13.7154,38.41,1735.62
l_nndss_full.csv,20762998,150000,16,lz4 -9,2185194,9.5017,150.61,915.64
l_nndss_full.csv,20762998,150000,16,orc+snappy,874169,23.7517,626.18,1552.59
l_nndss_full.csv,20762998,150000,16,orc+zlib,369159,56.2441,493.97,1249.59
l_nndss_full.csv,20762998,150000,16,orc+zstd,215688,96.264,599.72,1620.93
l_nndss_full.csv,20762998,150000,16,parquet+brotli,355262,58.4442,5.26,1334.15
l_nndss_full.csv,20762998,150000,16,parquet+gzip,633962,32.7512,203.67,1489.34
l_nndss_full.csv,20762998,150000,16,parquet+snappy,1111658,18.6775,692.27,530.41
l_nndss_full.csv,20762998,150000,16,parquet+zstd,475018,43.7099,34.46,1584.45
l_nndss_full.csv,20762998,150000,16,polypress,95275,217.927,5.79,136.67
l_nndss_full.csv,20762998,150000,16,polypress+brotli,96362,215.4687,,
l_nndss_full.csv,20762998,150000,16,polypress+zstd,108298,191.721,,
l_nndss_full.csv,20762998,150000,16,polypress-turbo,97442,213.0806,30.17,136.17
l_nndss_full.csv,20762998,150000,16,xz -9e,466672,44.4916,0.44,405.68
l_nndss_full.csv,20762998,150000,16,zip -9,1514948,13.7054,37.67,385.06
l_nndss_full.csv,20762998,150000,16,zstd -19,606650,34.2257,2.18,1587.98
l_nndss_full.csv,20762998,150000,16,zstd -22,611841,33.9353,0.46,1366.87
l_nndss_full.csv,20762998,150000,16,zstd -3,958389,21.6645,222.87,1421.72
l_seattle_fire911.csv,26859107,200000,7,7z lzma2 -mx9,2568847,10.4557,3.36,362.88
l_seattle_fire911.csv,26859107,200000,7,7z ppmd o12,2555108,10.5119,33.62,31.59
l_seattle_fire911.csv,26859107,200000,7,7z ppmd o16,2477889,10.8395,26.64,25.07
l_seattle_fire911.csv,26859107,200000,7,7z ppmd o6,2708581,9.9163,74.83,65.67
l_seattle_fire911.csv,26859107,200000,7,brotli -q11,2413219,11.13,0.92,596.68
l_seattle_fire911.csv,26859107,200000,7,bzip2 -9,3589593,7.4825,22.49,84.47
l_seattle_fire911.csv,26859107,200000,7,feather+lz4,11551602,2.3251,1082.94,4400.25
l_seattle_fire911.csv,26859107,200000,7,feather+zstd,7830074,3.4302,695.6,1560.02
l_seattle_fire911.csv,26859107,200000,7,gzip -9,5548135,4.8411,17.08,1039.11
l_seattle_fire911.csv,26859107,200000,7,lz4 -9,6738525,3.9859,122.91,588.59
l_seattle_fire911.csv,26859107,200000,7,orc+snappy,8168535,3.2881,582.38,1579.75
l_seattle_fire911.csv,26859107,200000,7,orc+zlib,5742533,4.6772,225.04,653.73
l_seattle_fire911.csv,26859107,200000,7,orc+zstd,5419143,4.9563,452.54,1113.6
l_seattle_fire911.csv,26859107,200000,7,parquet+brotli,3581608,7.4992,1.9,690.25
l_seattle_fire911.csv,26859107,200000,7,parquet+gzip,4678094,5.7415,92.24,882.1
l_seattle_fire911.csv,26859107,200000,7,parquet+snappy,6513886,4.1234,649.65,606.04
l_seattle_fire911.csv,26859107,200000,7,parquet+zstd,3861565,6.9555,25.03,1454.76
l_seattle_fire911.csv,26859107,200000,7,polypress,1252915,21.4373,1.64,94.56
l_seattle_fire911.csv,26859107,200000,7,polypress+brotli,1426557,18.8279,,
l_seattle_fire911.csv,26859107,200000,7,polypress+zstd,1509917,17.7885,,
l_seattle_fire911.csv,26859107,200000,7,polypress-turbo,1144963,23.4585,13.16,87.84
l_seattle_fire911.csv,26859107,200000,7,xz -9e,2313236,11.6111,1.52,247.49
l_seattle_fire911.csv,26859107,200000,7,zip -9,5542449,4.8461,16.97,271.22
l_seattle_fire911.csv,26859107,200000,7,zstd -19,2644572,10.1563,2.97,1119.69
l_seattle_fire911.csv,26859107,200000,7,zstd -22,2552215,10.5238,1.55,1076.92
l_seattle_fire911.csv,26859107,200000,7,zstd -3,4459440,6.023,218.33,846.3
l_chicago_permits.csv,27999092,28332,116,7z lzma2 -mx9,3046520,9.1905,4.8,326.54
l_chicago_permits.csv,27999092,28332,116,7z ppmd o12,2686525,10.422,23.52,21.88
l_chicago_permits.csv,27999092,28332,116,7z ppmd o16,2578924,10.8569,20.2,18.96
l_chicago_permits.csv,27999092,28332,116,7z ppmd o6,3275750,8.5474,44.07,39.64
l_chicago_permits.csv,27999092,28332,116,brotli -q11,2931888,9.5499,1.0,535.69
l_chicago_permits.csv,27999092,28332,116,bzip2 -9,4041110,6.9286,21.12,78.3
l_chicago_permits.csv,27999092,28332,116,feather+lz4,12372466,2.263,712.8,1876.23
l_chicago_permits.csv,27999092,28332,116,feather+zstd,7815610,3.5825,354.39,820.48
l_chicago_permits.csv,27999092,28332,116,gzip -9,5973504,4.6872,20.07,1011.35
l_chicago_permits.csv,27999092,28332,116,lz4 -9,6700039,4.1789,143.21,625.82
l_chicago_permits.csv,27999092,28332,116,orc+snappy,7883059,3.5518,355.5,933.65
l_chicago_permits.csv,27999092,28332,116,orc+zlib,5660434,4.9465,172.99,496.62
l_chicago_permits.csv,27999092,28332,116,orc+zstd,5375836,5.2083,300.75,775.97
l_chicago_permits.csv,27999092,28332,116,parquet+brotli,3958079,7.0739,1.97,498.37
l_chicago_permits.csv,27999092,28332,116,parquet+gzip,4619244,6.0614,79.86,585.42
l_chicago_permits.csv,27999092,28332,116,parquet+snappy,6578832,4.2559,445.88,754.7
l_chicago_permits.csv,27999092,28332,116,parquet+zstd,4087025,6.8507,17.02,885.12
l_chicago_permits.csv,27999092,28332,116,polypress,2520529,11.1084,0.89,98.72
l_chicago_permits.csv,27999092,28332,116,polypress+brotli,2561796,10.9295,,
l_chicago_permits.csv,27999092,28332,116,polypress+zstd,2711610,10.3256,,
l_chicago_permits.csv,27999092,28332,116,polypress-turbo,2574576,10.8752,6.88,97.85
l_chicago_permits.csv,27999092,28332,116,xz -9e,2892016,9.6815,3.51,217.67
l_chicago_permits.csv,27999092,28332,116,zip -9,5980793,4.6815,19.78,250.63
l_chicago_permits.csv,27999092,28332,116,zstd -19,3162707,8.8529,3.94,1053.43
l_chicago_permits.csv,27999092,28332,116,zstd -22,3012591,9.294,2.77,1069.11
l_chicago_permits.csv,27999092,28332,116,zstd -3,5061316,5.532,217.87,817.73
l_nyc_311.csv,27999426,32262,44,7z lzma2 -mx9,1611415,17.3757,7.68,485.69
l_nyc_311.csv,27999426,32262,44,7z ppmd o12,1510792,18.5329,48.31,45.65
l_nyc_311.csv,27999426,32262,44,7z ppmd o16,1392991,20.1002,40.23,38.52
l_nyc_311.csv,27999426,32262,44,7z ppmd o6,1970138,14.2119,79.13,69.83
l_nyc_311.csv,27999426,32262,44,brotli -q11,1511801,18.5206,1.78,782.62
l_nyc_311.csv,27999426,32262,44,bzip2 -9,2296216,12.1937,18.06,92.66
l_nyc_311.csv,27999426,32262,44,feather+lz4,8095634,3.4586,1196.19,3440.6
l_nyc_311.csv,27999426,32262,44,feather+zstd,5074834,5.5173,618.8,1410.13
l_nyc_311.csv,27999426,32262,44,gzip -9,3816567,7.3363,51.67,1345.67
l_nyc_311.csv,27999426,32262,44,lz4 -9,4104878,6.821,175.42,794.56
l_nyc_311.csv,27999426,32262,44,orc+snappy,5316781,5.2662,618.56,1518.64
l_nyc_311.csv,27999426,32262,44,orc+zlib,3649818,7.6715,275.01,761.0
l_nyc_311.csv,27999426,32262,44,orc+zstd,3396068,8.2447,510.44,1290.9
l_nyc_311.csv,27999426,32262,44,parquet+brotli,2332166,12.0058,3.62,826.5
l_nyc_311.csv,27999426,32262,44,parquet+gzip,2585918,10.8277,162.8,1118.22
l_nyc_311.csv,27999426,32262,44,parquet+snappy,3347413,8.3645,832.58,608.52
l_nyc_311.csv,27999426,32262,44,parquet+zstd,2402623,11.6537,57.71,1554.22
l_nyc_311.csv,27999426,32262,44,polypress,1134489,24.6802,1.76,190.42
l_nyc_311.csv,27999426,32262,44,polypress+brotli,1183836,23.6514,,
l_nyc_311.csv,27999426,32262,44,polypress+zstd,1279095,21.89,,
l_nyc_311.csv,27999426,32262,44,polypress-turbo,1193898,23.4521,10.1,158.17
l_nyc_311.csv,27999426,32262,44,xz -9e,1506736,18.5828,5.47,321.62
l_nyc_311.csv,27999426,32262,44,zip -9,3840600,7.2904,49.77,307.06
l_nyc_311.csv,27999426,32262,44,zstd -19,1647514,16.995,6.16,1419.55
l_nyc_311.csv,27999426,32262,44,zstd -22,1555078,18.0052,2.17,1397.94
l_nyc_311.csv,27999426,32262,44,zstd -3,2833275,9.8824,221.53,1116.17
l_chicago_crimes.csv,27999804,96703,22,7z lzma2 -mx9,2968937,9.4309,3.58,299.08
l_chicago_crimes.csv,27999804,96703,22,7z ppmd o12,2835314,9.8754,24.48,23.02
l_chicago_crimes.csv,27999804,96703,22,7z ppmd o16,2872749,9.7467,20.24,18.96
l_chicago_crimes.csv,27999804,96703,22,7z ppmd o6,3258474,8.5929,60.23,53.68
l_chicago_crimes.csv,27999804,96703,22,brotli -q11,2867000,9.7662,0.91,542.76
l_chicago_crimes.csv,27999804,96703,22,bzip2 -9,3840655,7.2904,21.75,74.08
l_chicago_crimes.csv,27999804,96703,22,gzip -9,5934132,4.7184,12.09,1033.25
l_chicago_crimes.csv,27999804,96703,22,lz4 -9,6899805,4.0581,104.98,623.12
l_chicago_crimes.csv,27999804,96703,22,polypress,2010153,13.9292,1.15,87.17
l_chicago_crimes.csv,27999804,96703,22,polypress+brotli,2096151,13.3577,,
l_chicago_crimes.csv,27999804,96703,22,polypress+zstd,2200603,12.7237,,
l_chicago_crimes.csv,27999804,96703,22,polypress-turbo,1732420,16.1622,9.51,93.15
l_chicago_crimes.csv,27999804,96703,22,xz -9e,2790000,10.0358,2.91,210.67
l_chicago_crimes.csv,27999804,96703,22,zip -9,5927998,4.7233,11.98,267.11
l_chicago_crimes.csv,27999804,96703,22,zstd -19,3156811,8.8696,3.55,1059.94
l_chicago_crimes.csv,27999804,96703,22,zstd -22,3024462,9.2578,2.89,1062.73
l_chicago_crimes.csv,27999804,96703,22,zstd -3,5379196,5.2052,220.91,771.83
l_wa_ev_population.csv,27999860,102891,16,7z lzma2 -mx9,1630627,17.1712,7.63,542.32
l_wa_ev_population.csv,27999860,102891,16,7z ppmd o12,1155248,24.2371,72.38,67.81
l_wa_ev_population.csv,27999860,102891,16,7z ppmd o16,1128704,24.8071,57.14,51.59
l_wa_ev_population.csv,27999860,102891,16,7z ppmd o6,1357560,20.6251,108.54,98.04
l_wa_ev_population.csv,27999860,102891,16,brotli -q11,1400351,19.9949,0.97,880.06
l_wa_ev_population.csv,27999860,102891,16,bzip2 -9,1522697,18.3883,15.35,91.5
l_wa_ev_population.csv,27999860,102891,16,feather+lz4,8779810,3.1891,1580.83,4294.59
l_wa_ev_population.csv,27999860,102891,16,feather+zstd,5144170,5.443,908.32,1660.73
l_wa_ev_population.csv,27999860,102891,16,gzip -9,3053844,9.1687,29.23,1596.61
l_wa_ev_population.csv,27999860,102891,16,lz4 -9,3232833,8.6611,183.53,932.14
l_wa_ev_population.csv,27999860,102891,16,orc+snappy,4210799,6.6495,575.02,1482.1
l_wa_ev_population.csv,27999860,102891,16,orc+zlib,2880985,9.7188,295.36,849.01
l_wa_ev_population.csv,27999860,102891,16,orc+zstd,2777197,10.0821,491.48,1292.39
l_wa_ev_population.csv,27999860,102891,16,parquet+brotli,1665912,16.8075,5.58,1056.76
l_wa_ev_population.csv,27999860,102891,16,parquet+gzip,1782792,15.7056,231.72,1424.27
l_wa_ev_population.csv,27999860,102891,16,parquet+snappy,2156187,12.9858,952.86,692.09
l_wa_ev_population.csv,27999860,102891,16,parquet+zstd,1701604,16.455,119.68,1848.17
l_wa_ev_population.csv,27999860,102891,16,polypress,801994,34.9128,4.39,179.47
l_wa_ev_population.csv,27999860,102891,16,polypress+brotli,783795,35.7234,,
l_wa_ev_population.csv,27999860,102891,16,polypress+zstd,835860,33.4983,,
l_wa_ev_population.csv,27999860,102891,16,polypress-turbo,802022,34.9116,33.8,176.2
l_wa_ev_population.csv,27999860,102891,16,xz -9e,1387464,20.1806,3.9,348.69
l_wa_ev_population.csv,27999860,102891,16,zip -9,3072844,9.112,28.53,344.14
l_wa_ev_population.csv,27999860,102891,16,zstd -19,1485095,18.8539,3.84,1503.27
l_wa_ev_population.csv,27999860,102891,16,zstd -22,1455198,19.2413,3.39,1427.68
l_wa_ev_population.csv,27999860,102891,16,zstd -3,2728575,10.2617,234.7,1151.17
l_nyc_collisions.csv,27999913,114219,29,7z lzma2 -mx9,2605669,10.7458,4.58,386.53
l_nyc_collisions.csv,27999913,114219,29,7z ppmd o12,1968636,14.223,40.56,37.49
l_nyc_collisions.csv,27999913,114219,29,7z ppmd o16,1915338,14.6188,31.39,29.11
l_nyc_collisions.csv,27999913,114219,29,7z ppmd o6,2277881,12.2921,83.13,76.98
l_nyc_collisions.csv,27999913,114219,29,brotli -q11,2463100,11.3678,1.0,633.34
l_nyc_collisions.csv,27999913,114219,29,bzip2 -9,2756481,10.1578,17.3,86.0
l_nyc_collisions.csv,27999913,114219,29,gzip -9,4594477,6.0943,19.35,1234.9
l_nyc_collisions.csv,27999913,114219,29,lz4 -9,5328778,5.2545,117.01,749.24
l_nyc_collisions.csv,27999913,114219,29,polypress,1696047,16.5089,2.28,93.29
l_nyc_collisions.csv,27999913,114219,29,polypress+brotli,1726807,16.2148,,
l_nyc_collisions.csv,27999913,114219,29,polypress+zstd,1862889,15.0304,,
l_nyc_collisions.csv,27999913,114219,29,polypress-turbo,1466400,19.0943,14.31,92.16
l_nyc_collisions.csv,27999913,114219,29,xz -9e,2442156,11.4652,3.42,265.27
l_nyc_collisions.csv,27999913,114219,29,zip -9,4589983,6.1002,19.11,293.95
l_nyc_collisions.csv,27999913,114219,29,zstd -19,2684954,10.4285,3.9,1151.74
l_nyc_collisions.csv,27999913,114219,29,zstd -22,2545440,11.0,3.3,1145.7
l_nyc_collisions.csv,27999913,114219,29,zstd -3,4730414,5.9191,222.63,849.41
